CREATE DATABASE  IF NOT EXISTS `web_book` /*!40100 DEFAULT CHARACTER SET utf8 COLLATE utf8_unicode_ci */;
USE `web_book`;
-- MySQL dump 10.13  Distrib 5.7.12, for Win32 (AMD64)
--
-- Host: 127.0.0.1    Database: web_book
-- ------------------------------------------------------
-- Server version	5.6.14

/*!40101 SET @OLD_CHARACTER_SET_CLIENT=@@CHARACTER_SET_CLIENT */;
/*!40101 SET @OLD_CHARACTER_SET_RESULTS=@@CHARACTER_SET_RESULTS */;
/*!40101 SET @OLD_COLLATION_CONNECTION=@@COLLATION_CONNECTION */;
/*!40101 SET NAMES utf8 */;
/*!40103 SET @OLD_TIME_ZONE=@@TIME_ZONE */;
/*!40103 SET TIME_ZONE='+00:00' */;
/*!40014 SET @OLD_UNIQUE_CHECKS=@@UNIQUE_CHECKS, UNIQUE_CHECKS=0 */;
/*!40014 SET @OLD_FOREIGN_KEY_CHECKS=@@FOREIGN_KEY_CHECKS, FOREIGN_KEY_CHECKS=0 */;
/*!40101 SET @OLD_SQL_MODE=@@SQL_MODE, SQL_MODE='NO_AUTO_VALUE_ON_ZERO' */;
/*!40111 SET @OLD_SQL_NOTES=@@SQL_NOTES, SQL_NOTES=0 */;

--
-- Table structure for table `author`
--

DROP TABLE IF EXISTS `author`;
/*!40101 SET @saved_cs_client     = @@character_set_client */;
/*!40101 SET character_set_client = utf8 */;
CREATE TABLE `author` (
  `author_id` int(11) NOT NULL AUTO_INCREMENT,
  `name` varchar(64) COLLATE utf8_unicode_ci NOT NULL,
  `image` varchar(255) COLLATE utf8_unicode_ci DEFAULT NULL,
  `sort_order` int(3) NOT NULL,
  `description` text COLLATE utf8_unicode_ci,
  PRIMARY KEY (`author_id`)
) ENGINE=InnoDB AUTO_INCREMENT=17 DEFAULT CHARSET=utf8 COLLATE=utf8_unicode_ci;
/*!40101 SET character_set_client = @saved_cs_client */;

--
-- Dumping data for table `author`
--

LOCK TABLES `author` WRITE;
/*!40000 ALTER TABLE `author` DISABLE KEYS */;
INSERT INTO `author` VALUES (1,'Nguyễn Nhật Ánh','catalog/author/2be18630589bdbccd07603d2c4be9f32.jpg',0,'<p>Thuở nhỏ ông theo học tại các trường THPT Tiểu La,trường THPT chuyên ban Trần Cao Vân và THCS Phan Châu Trinh. Từ <a href=\"https://vi.wikipedia.org/wiki/1973\" title=\"1973\">1973</a> Nguyễn Nhật Ánh chuyển vào sống tại <a href=\"https://vi.wikipedia.org/wiki/Th%C3%A0nh_ph%E1%BB%91_H%E1%BB%93_Ch%C3%AD_Minh\" title=\"Thành phố Hồ Chí Minh\">Sài Gòn</a>, theo học ngành sư phạm. Ông đã từng đi <a href=\"https://vi.wikipedia.org/wiki/Thanh_ni%C3%AAn_xung_phong\" title=\"Thanh niên xung phong\">Thanh niên xung phong</a>, dạy học môn Văn tại trường THCS Bình Tây (Quận 6) từ năm 1983-1985.</p>\r\n<p><i><a href=\"https://vi.wikipedia.org/wiki/S%C3%A0i_G%C3%B2n_Gi%E1%BA%A3i_Ph%C3%B3ng\" title=\"Sài Gòn Giải Phóng\">Sài Gòn Giải Phóng</a></i>, lần lượt viết về sân khấu, phụ trách mục tiểu phẩm, phụ trách trang thiếu nhi và hiện nay là bình luận viên thể thao trên báo <i>Sài Gòn Giải Phóng Chủ nhật</i>\r\n với bút danh Chu Đình Ngạn. Ngoài ra, Nguyễn Nhật Ánh còn có những bút \r\ndanh khác như Anh Bồ Câu, Lê Duy Cật, Đông Phương Sóc, Sóc Phương \r\nĐông,...</p>\r\n<p>Năm 13 tuổi ông đăng báo bài thơ đầu tiên. Tác phẩm đầu tiên in thành sách là một tập thơ: <i>Thành phố tháng tư</i>, Nhà xuất bản Tác phẩm mới <a href=\"https://vi.wikipedia.org/wiki/1984\" title=\"1984\">1984</a> (in chung với <a href=\"https://vi.wikipedia.org/w/index.php?title=L%C3%AA_Th%E1%BB%8B_Kim&amp;action=edit&amp;redlink=1\" class=\"new\" title=\"Lê Thị Kim (trang chưa được viết)\">Lê Thị Kim</a>). Truyện dài đầu tiên của ông là tác phẩm <i>Trước vòng chung kết</i> (Nhà xuất bản Măng Non, 1984).<sup id=\"cite_ref-1\" class=\"reference\"><a href=\"https://vi.wikipedia.org/wiki/Nguy%E1%BB%85n_Nh%E1%BA%ADt_%C3%81nh#cite_note-1\">[1]</a></sup> Hai mươi năm trở lại đây, ông tập trung viết văn xuôi, chuyên sáng tác về đề tài thanh thiếu niên.</p>\r\n<p>Năm 1990, truyện dài <i>Chú bé rắc rối</i> được Trung ương Đoàn Thanh niên Cộng sản Hồ Chí Minh trao giải thưởng <i>Văn học Trẻ</i> hạng A. Năm <a href=\"https://vi.wikipedia.org/wiki/1995\" title=\"1995\">1995</a>,\r\n ông được bầu chọn là nhà văn được yêu thích nhất trong 20 năm \r\n(1975-1995) qua cuộc trưng cầu ý kiến bạn đọc về các gương mặt trẻ tiêu \r\nbiểu trên mọi lãnh vực của Thành Đoàn Thành phố Hồ Chí Minh và báo <i>Tuổi Trẻ</i>, đồng thời được Hội nhà Văn Thành phố Hồ Chí Minh chọn là một trong 20 nhà văn trẻ tiêu biểu trong 20 năm (1975-1995).</p>\r\n<p>Năm <a href=\"https://vi.wikipedia.org/wiki/1998\" title=\"1998\">1998</a> ông được <a href=\"https://vi.wikipedia.org/wiki/Nh%C3%A0_xu%E1%BA%A5t_b%E1%BA%A3n_Kim_%C4%90%E1%BB%93ng\" title=\"Nhà xuất bản Kim Đồng\">Nhà xuất bản Kim Đồng</a> trao giải cho nhà văn có sách bán chạy nhất. Năm <a href=\"https://vi.wikipedia.org/wiki/2003\" title=\"2003\">2003</a>, bộ truyện nhiều tập <i><a href=\"https://vi.wikipedia.org/wiki/K%C3%ADnh_v%E1%BA%A1n_hoa_%28truy%E1%BB%87n%29\" title=\"Kính vạn hoa (truyện)\">Kính vạn hoa</a></i> được Trung ương Đoàn Thanh Niên Cộng sản Hồ Chí Minh trao huy chương <i>Vì thế hệ trẻ</i>\r\n và được Hội nhà văn Việt Nam trao tặng thưởng. Đến nay ông đã xuất bản \r\ngần 100 tác phẩm và từ lâu đã trở thành nhà văn thân thiết của các bạn \r\nđọc nhỏ tuổi ở Việt Nam.</p>\r\n<p>Năm 2004, Nguyễn Nhật Ánh ký hợp đồng với Nhà xuất bản Kim Đồng tiếp tục cho xuất bản bộ truyện dài gồm 4 tập mang tên <i><a href=\"https://vi.wikipedia.org/wiki/Chuy%E1%BB%87n_x%E1%BB%A9_Lang_Biang\" title=\"Chuyện xứ Lang Biang\">Chuyện xứ Langbiang</a></i>\r\n nói về hai cậu bé lạc vào thế giới phù thủy. Đây là lần đầu tiên ông \r\nviết một bộ truyện hoàn toàn dựa trên trí tưởng tượng. Vì vậy, để chuẩn \r\nbị cho tác phẩm này, ông đã phải mất 6 tháng nghiên cứu tài liệu và đọc \r\nsách báo liên quan như Phù thủy và Pháp sư, Các huyền thoại phương Đông,\r\n Ma thuật và thuật phù thủy...<sup id=\"cite_ref-2\" class=\"reference\"><a href=\"https://vi.wikipedia.org/wiki/Nguy%E1%BB%85n_Nh%E1%BA%ADt_%C3%81nh#cite_note-2\">[2]</a></sup></p>\r\n<p>Sau <i>Chuyện xứ Langbiang</i>, tác phẩm tiếp theo của ông là bút ký của một chú Cún có tên <i><a href=\"https://vi.wikipedia.org/w/index.php?title=T%C3%B4i_l%C3%A0_B%C3%AAt%C3%B4&amp;action=edit&amp;redlink=1\" class=\"new\" title=\"Tôi là Bêtô (trang chưa được viết)\">Tôi là Bêtô</a></i>.<sup id=\"cite_ref-3\" class=\"reference\"><a href=\"https://vi.wikipedia.org/wiki/Nguy%E1%BB%85n_Nh%E1%BA%ADt_%C3%81nh#cite_note-3\">[3]</a></sup></p>\r\n<p>Năm 2008, ông cho ra đời tác phẩm <i><a href=\"https://vi.wikipedia.org/wiki/Cho_t%C3%B4i_xin_m%E1%BB%99t_v%C3%A9_%C4%91i_tu%E1%BB%95i_th%C6%A1\" title=\"Cho tôi xin một vé đi tuổi thơ\">Cho tôi xin một vé đi tuổi thơ</a></i>, được báo Người Lao động bình chọn là tác phẩm hay nhất năm 2008.</p>\r\n<p>Năm 2012, Nguyễn Nhật Ánh cho ra mắt truyện dài <i>Có hai con mèo ngồi bên cửa sổ</i>. Các tác phẩm ra đời gần đây nhất là <i><a href=\"https://vi.wikipedia.org/wiki/Ng%E1%BB%93i_kh%C3%B3c_tr%C3%AAn_c%C3%A2y\" title=\"Ngồi khóc trên cây\">Ngồi khóc trên cây</a></i> (6/2013), <i><a href=\"https://vi.wikipedia.org/wiki/Ch%C3%BAc_m%E1%BB%99t_ng%C3%A0y_t%E1%BB%91t_l%C3%A0nh\" title=\"Chúc một ngày tốt lành\">Chúc một ngày tốt lành</a></i> (3/2014), <i>Bảy bước tới mùa hè</i> (3/2015) và <i>Con chó nhỏ mang giỏ hoa hồng</i> (xuất bản ngày 28 tháng 2 năm 2016).</p>'),(2,'Nguyễn Ngọc Thạch','catalog/author/3392b119d5bf37ccb1983ee5fe9b229b.jpg',1,'<p>Nguyễn Ngọc Thạch sinh ngày 2/1/1988, là tác giả của dòng văn học mạng. Anh còn có bút danh khác là Jade Vissel.&nbsp;\r\n</p><div>Ngọc Thạch thường chọn đề tài về thế giới thứ ba, gái mại dâm, đồng\r\n tính để khai thác trong các tác phẩm của mình. Lối viết dữ dội và đôi \r\nkhi cay nghiệt, chua xót nhưng lột tả chân thực là những dấu ấn mà tác \r\ngiả này đạt được trên con đường tìm cho một phong cách riêng.</div>\r\n<div>Hiện tại anh đang chịu trách nhiệm nội dung cho trang www.LGBT.vn</div>\r\n<div>Anh từng tự bạch rằng: Nhìn tôi ít người nghĩ tôi có thể viết chữ chứ đừng nói chi đến viết được văn.</div>\r\n<div>&nbsp;</div>\r\n<div><strong>Sách đã xuất bản<br>\r\n<br>\r\n</strong></div>\r\n<div>- Đời callboy - 2012</div>\r\n<div>- Lòng dạ đàn bà - 2013</div>\r\n<div>- Chuyển giới - 2013</div>\r\n<div>- Trái tim Sư Tử - 2014</div>'),(3,'Nguyễn Thị Đức','catalog/author/c59a64c78952c7e418ae9fb3133fd10c.JPG',0,'<p><br></p>'),(4,'Đái Duy Ban','catalog/author/74844bc6b90cf9299b54e25fe784e199.jpg',0,'<p><b>Đái Duy Ban</b> (sinh ngày <a href=\"https://vi.wikipedia.org/wiki/22_th%C3%A1ng_9\" title=\"22 tháng 9\">22 tháng 9</a> năm <a href=\"https://vi.wikipedia.org/wiki/1937\" title=\"1937\">1937</a>)\r\n là Giáo sư, Viện sĩ, Tiến sĩ khoa học, Bác sĩ. Nguyên giám đốc Trung \r\ntâm nghiên cứu Hóa Sinh ứng dụng Viện Khoa học Việt Nam và Chủ tịch Hội \r\nHóa Sinh Y học Việt Nam. Ông là giữ cương vị Ủy viên thường vụ Tổng Hội Y\r\n Học Việt Nam, Ủy viên Hội đồng Khoa học quốc tế trong Liên đoàn Hóa \r\nSinh Lâm sàng châu Á Thái Bình Dương, Ủy viên Hội đồng Khoa học ngành \r\nCông nghệ sinh học Việt Nam, Cố vấn khoa học Trung tâm Chẩn Đoán Y khoa \r\nVIPLAB, Hiệu trưởng trường Đại học Công nghệ Vạn Xuân, Viện trưởng Viện \r\nnghiên cứu đào tạo và chuyển giao công nghệ sinh học, người sáng lập \r\nCông ty Phòng khám Đại Gia đình DAIBIO.</p>'),(5,'Lê Nhất Phương Hồng','catalog/author/b35d3ab43291ac6eeb95ea37268c4168.jpg',0,'<p>Lê Nhất Phương Hồng (Bút hiệu \"Chuyên gia Betibuti\")<br>+ Sáng lập viên chuyên trang kiến thức nuôi con sữa mẹ Betibuti (www.facebook.com/betibuti) - 6/2013<br>+ Sáng lập viên Hội Sữa Mẹ (Bé Tí Bú Ti) (www.facebook.com/groups/betibuti) - 10/2013<br>+\r\n Chứng chỉ: Chuyên gia Tư vấn Nuôi Con Sữa mẹ của Viện Sữa Mẹ Quốc tế \r\n(International Institute of Human Lactation Inc, Canada) - 7/2013<br>+ Chứng chỉ: Thực hành và Vận động Nuôi con Sữa mẹ của Tổ Chức Hành Động vì Nuôi con Sữa mẹ Thế giới (WABA) - 11/2013<br>+ Chứng chỉ: Lập trình Ăn uống cho Trẻ Sơ Sinh và Trẻ nhỏ của Cornell University (USA) và UNICEF - 12/2013</p>'),(6,'Phạm Côn Sơn','catalog/author/913b4147a53b834b320787c924fb1b15.png',0,'<p><br></p>'),(7,'Lee Woo Jung','catalog/author/6d4b9d78450a2f5a425c180c40a1101c.jpg',0,'<p><b>Lee Woo-jung</b> is a South Korean television <a href=\"https://en.wikipedia.org/wiki/Screenwriter\" title=\"Screenwriter\">screenwriter</a>. Lee is best known for writing the <a href=\"https://en.wikipedia.org/wiki/TVN_%28South_Korea%29\" title=\"TVN (South Korea)\">tvN</a> <a href=\"https://en.wikipedia.org/wiki/Korean_drama\" title=\"Korean drama\">television dramas</a> <i><a href=\"https://en.wikipedia.org/wiki/Reply_%28TV_series%29\" title=\"Reply (TV series)\">Reply</a></i> series: <i><a href=\"https://en.wikipedia.org/wiki/Reply_1997\" title=\"Reply 1997\">Reply 1997</a></i> (2012), <i><a href=\"https://en.wikipedia.org/wiki/Reply_1994\" title=\"Reply 1994\">Reply 1994</a></i> (2013) and <i><a href=\"https://en.wikipedia.org/wiki/Reply_1988\" title=\"Reply 1988\">Reply 1988</a></i> (2015–2016). She also wrote the popular variety-<a href=\"https://en.wikipedia.org/wiki/Reality_show\" class=\"mw-redirect\" title=\"Reality show\">reality shows</a> <i><a href=\"https://en.wikipedia.org/wiki/2_Days_%26_1_Night\" title=\"2 Days &amp; 1 Night\">2 Days &amp; 1 Night</a></i>, <i><a href=\"https://en.wikipedia.org/wiki/Qualifications_of_Men\" title=\"Qualifications of Men\">Qualifications of Men</a></i>, <i><a href=\"https://en.wikipedia.org/wiki/Grandpas_Over_Flowers\" title=\"Grandpas Over Flowers\">Grandpas Over Flowers</a></i>, <i><a href=\"https://en.wikipedia.org/wiki/Sisters_Over_Flowers\" title=\"Sisters Over Flowers\">Sisters Over Flowers</a></i>, <i><a href=\"https://en.wikipedia.org/wiki/Youth_Over_Flowers\" title=\"Youth Over Flowers\">Youth Over Flowers</a></i> and <i><a href=\"https://en.wikipedia.org/wiki/Three_Meals_a_Day\" title=\"Three Meals a Day\">Three Meals a Day</a></i>.<sup id=\"cite_ref-1\" class=\"reference\"><a href=\"https://en.wikipedia.org/wiki/Lee_Woo-jung#cite_note-1\">[1]</a></sup></p>\r\n<p>She was given a presidential commendation for her work on <i>Grandpas Over Flowers</i> at the 2013 Korea Content Awards, which praised her for its depiction of \"four elderly backpackers with humor and warmth.\"<sup id=\"cite_ref-2\" class=\"reference\"><a href=\"https://en.wikipedia.org/wiki/Lee_Woo-jung#cite_note-2\">[2]</a></sup></p>'),(8,'Vũ Minh Đức','catalog/author/d39bf306872875611fdaa0ad26803843.png',0,'<div class=\"sapo\">\r\n30 câu chuyện tản văn được tác giả - bác sĩ Minh Đức tái hiện giàu cảm \r\nxúc qua những dòng ký ức miên man về một Sài Gòn trong con mắt của anh \r\ntừ thời sinh viên xa nhà tới khi ở để lập nghiệp và xây dựng gia đình.\r\n</div>\r\n\r\n<p class=\"body-text\">Bác sĩ chuyên ngành tim mạch Vũ Minh Đức được giới \r\nnhạc sĩ biết đến như một trong những nhạc sĩ sáng tác tay ngang từ năm \r\n2011 khi anh được trao tặng giải thưởng của Hội Âm nhạc TP.HCM cho tác \r\nphẩm<em> Trăng về làng. </em>Năm 2015, anh tiếp tục đoạt giải với tác phẩm <em>Mẹ là cánh cò yêu thương, </em>cùng\r\n nhiều giải A các cuộc thi sáng tác lớn của TP.HCM tổ chức và anh cũng \r\nchính thức được đề cử làm hội viên Hội Âm nhạc TP.HCM.</p><p class=\"body-text\">Sau\r\n nhiều năm \"gom nhặt\" kết nối lại những mảng màu ký ức về hình ảnh một \r\nSài Gòn thật lạ, ấm áp và cũng giàu lòng yêu thương khi chào đón chở che\r\n cho bất cứ một ai muốn đến nơi đây học tập, sinh sống và lập nghiệp, \r\nbác sĩ Minh Đức đã cho ra mắt tác phẩm <em>Sài Gòn chữ vội trên vai</em>.</p><p class=\"body-text\">Dù\r\n là một bác sĩ chuyên ngành tim mạch nhưng tác giả Vũ Minh Đức đã mang \r\nđến cho độc giả những trải nghiệm thú vị thông qua 30 câu chuyện nhỏ \r\ntrong tản văn<em> Sài Gòn chữ vội trên vai</em>. Mỗi mẫu chuyện là một \r\nthông điệp ghi nhận từ chính cuộc sống của tác giả giữa Sài Gòn nhộn \r\nnhịp, qua đó bác sĩ - nhạc sĩ và nhà văn Vũ Minh Đức muốn những độc giả \r\ncủa mình hãy sống chậm lại một chút để cảm nhận cuộc sống quanh mình đẹp\r\n hơn.</p>'),(9,'J. K. Rowling','catalog/author/c79df7356a27ad727ed7803df765c524.jpg',0,'<p><b>Joanne \"Jo\" Rowling</b>, (<span class=\"nowrap\"><span title=\"phiên âm:\"><img alt=\"phát\" src=\"https://upload.wikimedia.org/wikipedia/commons/thumb/8/8a/Loudspeaker.svg/11px-Loudspeaker.svg.png\" data-file-width=\"20\" data-file-height=\"20\" width=\"11\" height=\"11\"></span> <span title=\"Kí hiệu đại diện trong IPA\" class=\"IPA\"><a href=\"https://en.wikipedia.org/wiki/Help:IPA_for_English\" class=\"extiw\" title=\"en:Help:IPA for English\">/</a></span><span class=\"IPA\"><a href=\"https://en.wikipedia.org/wiki/Wikipedia:IPA_for_English#Key\" class=\"extiw\" title=\"en:Wikipedia:IPA for English\"><span title=\"trọng âm chính\" style=\"border-bottom:1px dotted\">ˈ</span></a></span><span class=\"IPA\"><a href=\"https://en.wikipedia.org/wiki/Wikipedia:IPA_for_English#Key\" class=\"extiw\" title=\"en:Wikipedia:IPA for English\"><span title=\"“r” giọng nam\" style=\"border-bottom:1px dotted\">r</span></a></span><span class=\"IPA\"><a href=\"https://en.wikipedia.org/wiki/Wikipedia:IPA_for_English#Key\" class=\"extiw\" title=\"en:Wikipedia:IPA for English\"><span title=\"“âu”\" style=\"border-bottom:1px dotted\">oʊ</span></a></span><span class=\"IPA\"><a href=\"https://en.wikipedia.org/wiki/Wikipedia:IPA_for_English#Key\" class=\"extiw\" title=\"en:Wikipedia:IPA for English\"><span title=\"“l”\" style=\"border-bottom:1px dotted\">l</span></a></span><span class=\"IPA\"><a href=\"https://en.wikipedia.org/wiki/Wikipedia:IPA_for_English#Key\" class=\"extiw\" title=\"en:Wikipedia:IPA for English\"><span title=\"“i” trong “bích”\" style=\"border-bottom:1px dotted\">ɪ</span></a></span><span class=\"IPA\"><a href=\"https://en.wikipedia.org/wiki/Wikipedia:IPA_for_English#Key\" class=\"extiw\" title=\"en:Wikipedia:IPA for English\"><span title=\"“ng” trong “ngả”\" style=\"border-bottom:1px dotted\">ŋ</span></a></span><span title=\"Kí hiệu đại diện trong IPA\" class=\"IPA\"><a href=\"https://en.wikipedia.org/wiki/Help:IPA_for_English\" class=\"extiw\" title=\"en:Help:IPA for English\">/</a></span></span>),<sup id=\"cite_ref-3\" class=\"reference\"><a href=\"https://vi.wikipedia.org/wiki/J._K._Rowling#cite_note-3\">[3]</a></sup>, sinh ngày <a href=\"https://vi.wikipedia.org/wiki/31_th%C3%A1ng_7\" title=\"31 tháng 7\">31 tháng 7</a> năm <a href=\"https://vi.wikipedia.org/wiki/1965\" title=\"1965\">1965</a><sup id=\"cite_ref-4\" class=\"reference\"><a href=\"https://vi.wikipedia.org/wiki/J._K._Rowling#cite_note-4\">[4]</a></sup>), bút danh là <b>J. K. Rowling</b>,<sup id=\"cite_ref-telegraph_5-0\" class=\"reference\"><a href=\"https://vi.wikipedia.org/wiki/J._K._Rowling#cite_note-telegraph-5\">[5]</a></sup> và <b>Robert Galbraith.</b> Cư ngụ tại thủ đô Edinburgh,<a href=\"https://vi.wikipedia.org/wiki/Scotland\" title=\"Scotland\">Scotland</a> là tiểu thuyết gia <a href=\"https://vi.wikipedia.org/wiki/Th%E1%BB%83_lo%E1%BA%A1i:Ng%C6%B0%E1%BB%9Di_Anh\" title=\"Thể loại:Người Anh\">người Anh</a>, tác giả bộ truyện giả tưởng nổi tiếng <i><a href=\"https://vi.wikipedia.org/wiki/Harry_Potter\" title=\"Harry Potter\">Harry Potter</a></i> với bút danh <b>J. K. Rowling</b>.<sup id=\"cite_ref-6\" class=\"reference\"><a href=\"https://vi.wikipedia.org/wiki/J._K._Rowling#cite_note-6\">[6]</a></sup></p>\r\n<p>Bộ sách này được hàng triệu độc giả già trẻ trên thế giới yêu thích, nhận được nhiều giải thưởng liên tiếp và đến năm <a href=\"https://vi.wikipedia.org/wiki/2005\" title=\"2005\">2005</a> bán được 300 triệu bản trên toàn thế giới. Vào năm <a href=\"https://vi.wikipedia.org/wiki/2006\" title=\"2006\">2006</a>, tạp chí <i><a href=\"https://vi.wikipedia.org/wiki/Forbes\" title=\"Forbes\">Forbes</a></i> xem bà là người phụ nữ giàu thứ hai trong lĩnh vực nghệ thuật giải trí<sup id=\"cite_ref-7\" class=\"reference\"><a href=\"https://vi.wikipedia.org/wiki/J._K._Rowling#cite_note-7\">[7]</a></sup> chỉ sau <a href=\"https://vi.wikipedia.org/wiki/Oprah_Winfrey\" title=\"Oprah Winfrey\">Oprah Winfrey</a>. Năm 2007, sau thành công vang dội của truyện <a href=\"https://vi.wikipedia.org/wiki/Harry_Potter_v%C3%A0_B%E1%BA%A3o_b%E1%BB%91i_T%E1%BB%AD_th%E1%BA%A7n\" title=\"Harry Potter và Bảo bối Tử thần\">Harry Potter 7</a> và phim <a href=\"https://vi.wikipedia.org/wiki/Harry_Potter_v%C3%A0_H%E1%BB%99i_Ph%C6%B0%E1%BB%A3ng_Ho%C3%A0ng_%28phim%29\" title=\"Harry Potter và Hội Phượng Hoàng (phim)\">Harry Potter 5</a>, bà được tạp chí US Entertainment Weekly là một trong 25 nghệ sĩ của năm 2007. Bà đã được trao huân chương <a href=\"https://vi.wikipedia.org/wiki/B%E1%BA%AFc_%C4%90%E1%BA%A9u_B%E1%BB%99i_tinh\" title=\"Bắc Đẩu Bội tinh\">Bắc Đẩu Bội tinh</a> vào ngày 3 tháng 2 năm 2009 vì tài năng xuất chúng về văn học thiếu nhi.<sup id=\"cite_ref-8\" class=\"reference\"><a href=\"https://vi.wikipedia.org/wiki/J._K._Rowling#cite_note-8\">[8]</a></sup>. Năm 2010 bà được trao <a href=\"https://vi.wikipedia.org/wiki/Gi%E1%BA%A3i_V%C4%83n_h%E1%BB%8Dc_Hans_Christian_Andersen\" title=\"Giải Văn học Hans Christian Andersen\">Giải Văn học Hans Christian Andersen</a>.</p>'),(10,'Dale Carnegie ','catalog/author/557c67ff6d1a2b1afc96102f167e5515.jpg',0,'<p><b>Dale Breckenridge Carnegie&nbsp;</b>(24/11/1888 – 1/11/1955) là một nhà \r\nvăn và nhà thuyết trình Mỹ và là người phát triển các lớp tự giáo dục, \r\nnghệ thuật bán hàng, huấn luyện đoàn thể, nói trước công chúng và các kỹ\r\n năng giao tiếp giữa mọi người.&nbsp;</p><div><div>Ra đời trong cảnh nghèo đói tại một trang trại ở Missouri, ông là tác giả cuốn <a href=\"http://www.vinabook.com/dac-nhan-tam-m11i29988.html\"><b>Đắc Nhân Tâm</b></a>, được xuất bản <b>lần đầu năm 1936</b>, một cuốn sách thuộc hàng <i>bán chạy nhất và được biết đến nhiều nhất cho đến tận ngày nay</i>.\r\n Ông cũng viết một cuốn tiểu sử Abraham Lincoln, với tựa đề Lincoln con \r\nngười chưa biết, và nhiều cuốn sách khác.\r\nCarnegie là một trong những người đầu tiên đề xuất cái ngày nay được gọi\r\n là đảm đương trách nhiệm, dù nó chỉ được đề cập tỉ mỉ trong tác phẩm \r\nviết của ông. Một trong những ý tưởng chủ chốt trong những cuốn sách của\r\n ông là có thể thay đổi thái độ của người khác khi thay đổi sự đối xử \r\ncủa ta với họ.</div></div>'),(11,'Đặng Thu Hương','catalog/author/7f00739539f3f0ccfe8b9dd88bf986fa.jpg',0,'<div class=\"vbbox-selectcontent2\"><div>Đặng Thu Hương có cái may được \r\ntheo học 7 năm trung cấp và 5 năm Đại học Mỹ thuật và may hơn, vào đúng \r\nkhoa sinh viên có thể học nhiều thứ kỹ thuật và chất liệu, tuỳ theo sở \r\nthích. Tình yêu nghệ thuật cùng với kỹ năng nghề nghiệp đã tạo nền tảng \r\ncho những thành công của chị.\r\n\r\nĐặng Thu Hương có khả năng sáng tác đa dạng trên nhiều chất liệu khác \r\nnhau như sơn dầu, sơn mài, lụa, giấy dó... song sơn mài là chất liệu chị\r\n ưu ái hơn cả. Chị say mê đi vào lĩnh vực này, không quản gian nan vất \r\nvả của quá trình lao động với sơn, mà ngược lại, rất thích yếu tố bất \r\nngờ do sơn mài tạo ra.\r\n\r\nNhững năm gần đây, nhiều họa sĩ trẻ muốn hiện đại hoá nhanh ngôn ngữ sơn\r\n mài của mình bằng cách đưa vào các chất liệu pha tạp khác nhau, thích \r\ntạo ra các ấn tượng thô mạnh, lồi lõm của bề mặt, thì Đặng Thu Hương vẫn\r\n trung thành tuyệt đối với kỹ thuật sơn ta truyền thống. Đối với chị, \r\nsơn ta có vẻ đẹp óng ả, sâu thẳm đặc biệt, không gì thay thế được. Chị \r\nhiểu thuộc về sơn ta sâu sắc như người ươm hoa quý nhìn thời tiết biết \r\nngày hoa kết trái, biết chờ đợi, biết nâng niu độ trong suốt của sơn \r\ncũng như xử lý các sắc thái khác nhau của son, then, vàng, bạc...\r\n\r\nTuy nhiên, Đặng Thu Hương trân trọng và phát huy kỹ thuật truyền thống \r\nchứ không đi theo lối mòn tư duy truyền thống. Tranh của chị có bố cục \r\ntrang trí mới lạ và hiện đại. Chị khám phá cho mình những hình tượng \r\nmới, có sự biến ảo giữa hiện thực với trừu tượng, giữa có hình và không \r\nhình (Bình phong Hoa chuối\r\n, 5 tấm, Hoa phù dung, 3 tấm) hoặc tạo ra các bề mặt trừu tượng thuần \r\ntuý, có sự chuyển đổi hài hoà đặc sắc giữa các mảng vân màu quý hiếm. \r\n(Bố cục - son trai, 3 tấm, Bố cục - son then, 3 tấm).\r\n\r\nSáng tác của chị những năm gần đây, giai đoạn 1995-1999, vẫn tôn vinh vẻ\r\n đẹp lộng lẫy, chìm ẩn và huyền bí theo tính cách phương Đông của sơn \r\nmàu, vẫn là son - then - vàng - bạc quen thuộc, mà hết sức độc đáo, hấp \r\ndẫn ở cách nhìn và các mô típ trang trí hiện đại. Có thể nói, chị đã tạo\r\n ra nét mới cho sơn màu Việt Nam. Cái mà Đặng Thu Hương yêu thích nhất \r\ntừ xưa tới nay vẫn là các loại hoa: mẫu đơn, ngọc trâm, phù dung, cúc, \r\nviolet... Chị thuộc chúng tới mức có thể cách điệu thoải mái, phóng túng\r\n trong các bố cục sơn mài đầy tính sáng tạo, biến chúng thành các mô típ\r\n và tiếng nói nghệ thuật của riêng mình.<br>		------------<br> Xem thêm: <a href=\"http://vietbao.vn/Van-hoa/Son-mai-Dang-Thu-Huong/10733748/185/\"> Sơn mài Đặng Thu Hương - My thuat</a>, http://vietbao.vn/Van-hoa/Son-mai-Dang-Thu-Huong/10733748/185/<br> Tin nhanh Việt Nam ra thế giới <a href=\"http://vietbao.vn\"> vietbao.vn </a></div></div>'),(12,'Trần Thị Huyên Thảo','catalog/author/297fd6e5be0653743342e2aec8dd6ab3.png',0,'<p>Thủ khoa đầu vào, Đại học Y Dược TP.HCM, năm 1997.</p><p>• Bằng Y khoa MBBS (Bằng danh dự), Đại học Monash, Melbourne, Úc.</p><p>• Bằng Thạc sĩ Y khoa (Nhi khoa), Đại học Sydned, Sydney, Úc.</p><p>• Bác sĩ Nhi khoa, Phòng khám International SOS, TP.HCM, Việt Nam.</p><p>• Trang cá nhân: https://www.facebook.com/huyenthao.bacsi với hơn 30.000 người theo dõi.</p><p>•\r\n Tác giả bộ sách Bác sĩ riêng cho bé yêu, tập đầu tiên Chào con! Ba mẹ \r\nđã sẵn sàng! dành cho trẻ từ 0 đến 6 tháng tuổi đã được NXB Trẻ phát \r\nhành tháng 7/2016.</p>'),(13,'Dũng Phan','catalog/author/982c3ae00241b9be0bac976e1cbf5a29.JPG',0,'<p>\r\n                </p><p><span style=\"background-color: initial;\">Dũng Phan Sinh ngày: 1/4/1988</span><br></p><p>Nguyên quán: Quảng Bình</p><p>Nghề nghiệp chính: Kỹ Sư Xây Dựng</p><p>Tốt nghiệp trường Đại Học Bách Khoa Đà Nẵng, hiện đang công tác tại một công ty xây dựng tại Thành phố Hồ Chí Minh.</p><p>Quản trị blog lịch sử The X File Of History với hơn 110.000 người theo dõi. (LOGO FB/x.file.of.history/)</p><p>Ngoài ra, còn là nhà báo, cộng tác viên của các báo Vnexpress.net, Thể thao Sài Gòn Giải Phóng.</p><p><i>“Tôi\r\n yêu thích lịch sử từ khi còn rất nhỏ. Mẹ tôi là giáo viên dạy văn, mẹ \r\ndạy cho tôi thói quen đọc sách, nhưng giai đoạn ấy khó khăn, truyện \r\ntranh hay truyện chữ không có nhiều, tôi hay có những giấc mơ mà quanh \r\nmình chỉ toàn là truyện. Hồi đó, mẹ có một tủ sách với rất nhiều cuốn \r\nsách sử. Những lúc rảnh rỗi và không có gì đọc, tôi thường lục giá sách \r\ncủa mẹ và ngấu nghiến những cuốn sách lịch sử ấy. Thời gian lớn lên, mẹ \r\ntôi ra đi, nhưng tình yêu sử ấy, Mẹ để lại cho tôi rồi. Tôi tin rằng, \r\nnếu hôm nay giới trẻ thờ ơ với lịch sử, ấy là do người lớn đã sai trong \r\ncách truyền bá. Điều tôi làm, đơn giản chỉ là kể lại bằng một giọng hấp \r\ndẫn hơn mà thôi.”</i></p>'),(14,'Ibuka Masaru','catalog/author/a4b00b93d79d548bb7e2f8158caf3d4d.jpg',0,'<p><strong><i>Ibuka\r\nMasaru</i></strong>\r\n(1908-1997) sinh ra ở tỉnh Tochigi, một tỉnh nằm ở phía bắc Tokyo. Ông tốt\r\nnghiệp khoa Khoa học và Công nghệ, trường Đại học Waseda. Năm 1946, ông đã sáng\r\nlập ra công ty Công nghệ viễn thông Tokyo (Tokyo Tsushin Kogyo), chính là công\r\nty tiền thân của công ty điện tử Sony. Năm 1950, với cương vị chủ tịch, ông đã\r\nxây dựng, phát triển công ty Sony trở thành công ty điện tử nổi tiếng trên thế\r\ngiới. Năm 1969, ông thành lập<em><span>\r\n\"Trung tâm nghiên cứu và phát triển giáo dục trẻ tuổi ấu thơ\"</span></em>\r\nvà giữ chức chủ tịch. Ông đã dành rất nhiều tâm huyết cho sự nghiệp giáo dục\r\ntrẻ thơ. Ông được vinh danh là người sáng lập, đồng thời là chủ tịch hội đồng\r\nquản trị của Sony. Năm 1989, ông được nhận huân chương <em>\"Thành tựu văn hóa\"</em>\r\ncủa Bộ Giáo dục Nhật Bản. Ngoài ra ông còn nhận huân chương văn hóa\r\n\"Bunka- kunsho\", huân chương \"Kyojitsu Daijusho\". Tác phẩm\r\nnổi tiếng cùng đề tài của công là <em>\"Lên\r\nchiến lược từ 0 tuổi\"</em> (Nhà xuất bản Koshabunko). Ông mất năm\r\n1997.\r\n\r\n</p>'),(15,'Song Hong Binh','catalog/author/f6fda8a0189eaa1601a773ac87f1577c.jpg',0,'<p>Song Hong Bing (Tống Hồng Binh) sinh năm 1968 tại Tứ Xuyên, Trung Quốc. \r\nÔng là tác giả của rất nhiều cuốn sách bán chạy, là học giả nghiên cứu \r\ntài chính thế giới và cũng là Viện trưởng của Viện nghiên cứu Kinh tế \r\nTài chính Hoàn cầu (Bắc Kinh)</p>'),(16,'John Brooks','catalog/author/9cea4095026a11088f8e59f9a2a2581a.jpg',0,'<p>John Brooks (1920‒1993) là một cây bút nổi tiếng từng có thời gian cộng \r\ntác lâu năm với tờ New Yorker với nhiều bài viết phân tích tài chính sắc\r\n sảo. Ông cũng là tác giả của mười đầu sách về kinh doanh và tài chính, \r\nnhiều trong số đó đã trở thành những tác phẩm kinh điển như Once in \r\nGolconda, The Go-Go Years,… <br></p>');
/*!40000 ALTER TABLE `author` ENABLE KEYS */;
UNLOCK TABLES;

--
-- Table structure for table `banner`
--

DROP TABLE IF EXISTS `banner`;
/*!40101 SET @saved_cs_client     = @@character_set_client */;
/*!40101 SET character_set_client = utf8 */;
CREATE TABLE `banner` (
  `banner_id` int(11) NOT NULL AUTO_INCREMENT,
  `name` varchar(64) NOT NULL,
  `status` tinyint(1) NOT NULL,
  PRIMARY KEY (`banner_id`)
) ENGINE=InnoDB AUTO_INCREMENT=22 DEFAULT CHARSET=utf8;
/*!40101 SET character_set_client = @saved_cs_client */;

--
-- Dumping data for table `banner`
--

LOCK TABLES `banner` WRITE;
/*!40000 ALTER TABLE `banner` DISABLE KEYS */;
INSERT INTO `banner` VALUES (6,'Sách của NXB 2',1),(7,'Banner Ảnh Slideshow OpenCart 61359',1),(8,'Các Nhà Xuất Bản',1),(20,'Banner Ảnh SlideShow Fahasa',1),(21,'Sách của NXB 3',1);
/*!40000 ALTER TABLE `banner` ENABLE KEYS */;
UNLOCK TABLES;

--
-- Table structure for table `banner_image`
--

DROP TABLE IF EXISTS `banner_image`;
/*!40101 SET @saved_cs_client     = @@character_set_client */;
/*!40101 SET character_set_client = utf8 */;
CREATE TABLE `banner_image` (
  `banner_id` int(11) NOT NULL,
  `link` varchar(255) NOT NULL,
  `image` varchar(255) NOT NULL,
  `sort_order` int(3) NOT NULL DEFAULT '0',
  `title` varchar(64) DEFAULT NULL,
  `sub_title` varchar(64) DEFAULT NULL,
  `description` text,
  `price` decimal(15,4) NOT NULL DEFAULT '0.0000',
  PRIMARY KEY (`banner_id`,`image`),
  KEY `fk_banner_image_to_banner` (`banner_id`),
  CONSTRAINT `fk_banner_image_to_banner` FOREIGN KEY (`banner_id`) REFERENCES `banner` (`banner_id`)
) ENGINE=InnoDB DEFAULT CHARSET=utf8;
/*!40101 SET character_set_client = @saved_cs_client */;

--
-- Dumping data for table `banner_image`
--

LOCK TABLES `banner_image` WRITE;
/*!40000 ALTER TABLE `banner_image` DISABLE KEYS */;
INSERT INTO `banner_image` VALUES (6,'index.php?route=book/publisher/info&publisher_id=7','',0,'HP Banner','','',0.0000),(7,'','catalog/banners/opencart_65319/5a4fab087ec65f236633e6bd46db976b.jpg',0,'Mùa Giảm Giá','Giảm 50% mỗi sách','',0.0000),(7,'','catalog/banners/opencart_65319/ed38808585005a1ebc81657a41ba5a6a.jpg',1,'Thể Loại Sách Phong Phú','Hợp với túi tiền và gu thưởng thức của bạn !','',0.0000),(7,'','catalog/banners/opencart_65319/fc2b36853a29516d3d26770b91b75bdc.jpg',2,'Hãy tìm cuốn sách yêu thích của bạn ở đây!','','',0.0000),(8,'https://www.nxbphunu.com.vn','catalog/publishers/07a882a1e3ff5b741479d47a056428dc.jpg',10,'','','',0.0000),(8,'http://www.nxbtrithuc.com.vn','catalog/publishers/2d5488ec4763dd6b4bbf34d4b2a0fd89.jpg',7,'','','',0.0000),(8,'http://www.xuatbanyhoc.vn','catalog/publishers/32df2b5251fd0e21e300d9cea2d6fd8b.jpg',8,'','','',0.0000),(8,'https://vi-vn.facebook.com/public/Nxb-Âm-Nhạc-Dihavina','catalog/publishers/3888137c88874b9f547addd90d4c515c.jpg',5,'','','',0.0000),(8,'http://www.nxbgd.vn','catalog/publishers/4100ff1d11faa1995e6b50fc5cc89820.jpg',0,'','','',0.0000),(8,'https://www.vinabook.com/nha-phat-hanh/nxb-my-thuat-2-2','catalog/publishers/465750627c5cad8bc10a45cb886019b8.gif',0,'','','',0.0000),(8,'http://www.thoidaibooks.com','catalog/publishers/5ec575a9c0557e89b1da38af6b7a8821.png',4,'','','',0.0000),(8,'http://www.thegioipublishers.vn','catalog/publishers/9798212352d8fbbb5b6a2552fb342d5f.png',6,'','','',0.0000),(8,'https://vi-vn.facebook.com/xuatbanthongke ','catalog/publishers/a3d7d71c256b191d837838d10b66dd2e.jpg',9,'','','',0.0000),(8,'http://www.nxbvanhoavannghe.org.vn','catalog/publishers/bc89477912e141103bae1cd829765e5d.jpg',1,'','','',0.0000),(8,'http://www.nxbkimdong.com.vn','catalog/publishers/c88cdf13449b8da1de006abf5f38656f.png',2,'','','',0.0000),(8,'http://www.nxbvanhoc.com','catalog/publishers/d5a80ba437db4b3dd61f2619fee21c5d.jpg',3,'','','',0.0000),(8,'https://www.nxbtre.com.vn','catalog/publishers/fd4ed11d797416515491673291e4d82b.jpg',0,'','','',0.0000),(20,'','catalog/banners/2f289e72a99a27560b33d623e19bb557.jpg',0,'','','',0.0000),(20,'','catalog/banners/3ee0910682d3c71293ec54f215fd72f4.jpg',1,'','','',0.0000),(20,'','catalog/banners/4ff71f8df3e65692990a41ca663af7b8.jpg',2,'','','',0.0000),(20,'','catalog/banners/66da189be9448e696804646415fddace.jpg',3,'','','',0.0000),(20,'','catalog/banners/ef81f32b1a16dcf385b95d545b34c8dd.jpg',4,'','','',0.0000),(20,'','catalog/banners/f7b97680f6f68a5dfd97b455d5e64b75.jpg',0,'','','',0.0000),(21,'https://livedemo00.template-help.com/opencart_53398/','catalog/banners/TemplateMonster/OpenCart/53398/74a6ac10a5fd932c64ce2912ccbd32cb.jpg',0,'','','',0.0000),(21,'https://livedemo00.template-help.com/opencart_53398/','catalog/banners/TemplateMonster/OpenCart/53398/8af4b9cf81a63d3a99c1f173c6259cb6.jpg',0,'','','',0.0000),(21,'https://livedemo00.template-help.com/opencart_53398/','catalog/banners/TemplateMonster/OpenCart/53398/cae0de454480864c297fbbdc7b66e503.jpg',0,'','','',0.0000);
/*!40000 ALTER TABLE `banner_image` ENABLE KEYS */;
UNLOCK TABLES;

--
-- Table structure for table `book`
--

DROP TABLE IF EXISTS `book`;
/*!40101 SET @saved_cs_client     = @@character_set_client */;
/*!40101 SET character_set_client = utf8 */;
CREATE TABLE `book` (
  `book_id` int(11) NOT NULL AUTO_INCREMENT,
  `model` varchar(64) NOT NULL,
  `image` varchar(255) DEFAULT NULL,
  `publisher_id` int(11) NOT NULL,
  `price` decimal(15,4) NOT NULL DEFAULT '0.0000',
  `sort_order` int(11) NOT NULL DEFAULT '0',
  `status` tinyint(1) NOT NULL DEFAULT '0',
  `date_added` datetime NOT NULL,
  `date_modified` datetime NOT NULL,
  `name` varchar(255) DEFAULT NULL,
  `description` text,
  `tag` text,
  `author_id` int(11) NOT NULL,
  PRIMARY KEY (`book_id`),
  KEY `fk_book_to_publisher` (`publisher_id`),
  KEY `fk_book_to_author` (`author_id`),
  CONSTRAINT `fk_book_to_author` FOREIGN KEY (`author_id`) REFERENCES `author` (`author_id`),
  CONSTRAINT `fk_book_to_publisher` FOREIGN KEY (`publisher_id`) REFERENCES `publisher` (`publisher_id`)
) ENGINE=InnoDB AUTO_INCREMENT=70 DEFAULT CHARSET=utf8;
/*!40101 SET character_set_client = @saved_cs_client */;

--
-- Dumping data for table `book`
--

LOCK TABLES `book` WRITE;
/*!40000 ALTER TABLE `book` DISABLE KEYS */;
INSERT INTO `book` VALUES (28,'','catalog/books/nxb_tre/e81d7cb2e1a7477cf85b6f294709372d.jpg',5,80000.0000,0,1,'2009-02-03 16:06:50','2017-07-18 12:47:07','Cô Gái Đến Từ Hôm Qua','<div class=\"std\">\r\n        <p style=\"text-align: justify;\">Cô Gái Đến Từ Hôm Qua</p>\r\n<p style=\"text-align: justify;\">Cô gái đến từ hôm qua được ví như một \r\ncuốn phim của quá khứ và hiện tại được ngòi bút tài hoa của tác giả dẫn \r\ndắt ta đi từ bất ngờ này đến thú vị khác. Nếu ngày xưa còn bé, Thư luôn \r\ntự hào mình là cậu con trai thông minh có quyền bắt nạt và sai khiến các\r\n cô bé cùng lứa tuổi (nạn nhân cụ thể là bé Tiểu Li) thì giờ đây lớn \r\nlên, anh luôn khổ sở khi thấy mình ngu ngơ và bị một cô bạn tên là Việt \r\nÁn “xỏ mũi”. Và điều nghịch lý ấy xem ra ngày càng “trớ trêu” hơn… Trong\r\n lần tái bản này, tác phẩm được ra mắt theo phong cách mới, với phiên \r\nbản bìa thứ 14, được in trên chất liệu giấy dầy và nhẹ, kèm bài thơ “Cô \r\ngái đến từ hôm qua” của nhà văn Nguyễn Nhật Ánh và 10 hình minh họa của \r\nhọa sĩ Đỗ Hoàng Tường.</p>\r\n<p style=\"text-align: justify;\">Tác phẩm Cô gái đến từ hôm qua đã được \r\nmua bản quyền và chuyển thể thành phim điện ảnh, do Phan Gia Nhật Linh \r\nlàm đạo diễn, với sự tham gia của các diễn viên Miu Lê, Ngô Kiến Huy, \r\nJun Phạm, Hoàng Yến Chibi, Lê Hạ Anh... Phim được dự kiến ra mắt trên \r\ntoàn quốc vào ngày 21/7/2017.</p>    </div>','lãng mạn, hoài niệm, nguyễn nhật ánh',1),(29,'Sách Quyển','catalog/books/nxb_vanhoc/01cf7ce5ad60caa1b39fd8c0991c430c.jpg',26,52000.0000,0,1,'2009-02-03 16:42:17','2017-07-19 20:23:53','Chờ Đến Mẫu Giáo Thì Đã Muộn','<p><em style=\"font-family: arial, helvetica, sans-serif; font-size: small; line-height: 1.45em;\"><strong>\"Chờ đến mẫu giáo thì đã muộn\"</strong></em><span style=\"font-family: arial, helvetica, sans-serif; font-size: small; line-height: 1.45em;\">\r\n là cuốn sách bàn về phương pháp giáo dục trẻ trong giai đoạn từ 0 đến 3\r\n tuổi của tác giả Ibuka Masaru, người sáng lập tập đoàn Sony đồng thời \r\nlà một nhà nghiên cứu giáo dục. Dựa trên những nghiên cứu về sinh lý học\r\n của não bộ và di truyền học, ông đã khẳng định sự phát triển về trí tuệ\r\n và năng lực của trẻ được quyết định trong giai đoạn từ 0 đến 3 tuổi, \r\ngiai đoạn này là \"thời kỳ thích hợp\" để \"nuôi dạy một đứa trẻ trở nên \r\nngoan ngoãn, vui vẻ, có trí tuệ thông minh và khỏe mạnh\". Từ đó, ông đưa\r\n ra những giải pháp để giúp các bậc cha mẹ tạo ra môi trường để trẻ có \r\nthể phát huy hết khả năng của mình.</span><br></p><p><font size=\"2\" face=\"arial, helvetica, sans-serif\">Sức cuốn hút của<em><strong> Chờ đến mẫu giáo thì đã muộn</strong></em>\r\n không phải là những bài học giáo dục cao siêu mà ở lời nhắn nhủ hãy \r\nkhơi dậy tiềm năng của trẻ từ những điều nhỏ nhặt trong cuộc sống bằng \r\ntình yêu của người làm cha mẹ.</font></p><p><font size=\"2\" face=\"arial, helvetica, sans-serif\"><strong>Mời bạn đón đọc.</strong></font></p>','',14),(30,'Sách Quyển','catalog/books/nxb_tong_hop_hcm/d373296c52c982ef33140244d38c05ca.jpg',37,61000.0000,0,1,'2009-02-03 16:59:00','2017-07-18 13:11:08','Đắc Nhân Tâm','<p><em><strong>Đắc nhân tâm</strong></em>&nbsp;– How to win friends and \r\nInfluence People của Dale Carnegie là quyển sách nổi tiếng nhất, bán \r\nchạy nhất và có tầm ảnh hưởng nhất của mọi thời đại. Tác phẩm đã được \r\nchuyển ngữ sang hầu hết các thứ tiếng trên thế giới và có mặt ở hàng \r\ntrăm quốc gia. Đây là quyển sách duy nhất về thể loại self-help liên tục\r\n đứng đầu danh mục sách bán chạy nhất (best-selling Books) do báo The \r\nNew York Times bình chọn suốt 10 năm liền. Riêng bản tiếng Anh của sách \r\nđã bán được hơn 15 triệu bản trên thế giới. Tác phẩm có sức lan toả vô \r\ncùng rộng lớn – dù bạn đi đến bất cứ đâu, bất kỳ quốc gia nào cũng đều \r\ncó thể nhìn thấy. Tác phẩm được đánh giá là quyển sách đầu tiên và hay \r\nnhất, có ảnh hưởng làm thay đổi cuộc đời của hàng triệu người trên thế \r\ngiới.</p><p>Không còn nữa khái niệm giới hạn Đắc Nhân Tâm là nghệ thuật \r\nthu phục lòng người, là làm cho tất cả mọi người yêu mến mình. Đắc nhân \r\ntâm và cái Tài trong mỗi người chúng ta. Đắc Nhân Tâm trong ý nghĩa đó \r\ncần được thụ đắc bằng sự hiểu rõ bản thân, thành thật với chính mình, \r\nhiểu biết và quan tâm đến những người xung quanh để nhìn ra và khơi gợi \r\nnhững tiềm năng ẩn khuất nơi họ, giúp họ phát triển lên một tầm cao mới.\r\n Đây chính là nghệ thuật cao nhất về con người và chính là ý nghĩa sâu \r\nsắc nhất đúc kết từ những nguyên tắc vàng của Dale Carnegie.</p><p>Quyển sách&nbsp;<em><strong>Đắc nhân tâm</strong>&nbsp;“Đầu tiên và hay nhất mọi thời đại về nghệ thuật giao tiếp và ứng xử”</em>, quyển sách đã từng mang đến thành công và hạnh phúc cho hàng triệu người trên khắp thế giới.</p><p><strong>Mục lục:</strong></p><p>Lời giới thiệu</p><p><em><strong>Phần 1: Nghệ thuật ứng xử căn bản</strong></em></p><ul><li><p>Muốn lấy mật thì đừng phá tổ ong</p></li><li><p>Bí mật lớn nhất trong phép ứng xử</p></li><li><p>Ai làm được điều dưới đây, người đó sẽ có cả thế giới</p></li></ul><p><em><strong>Phần 2: Sáu cách tạo thiện cảm</strong></em></p><ul><li><p>Thành thật quan tâm đến người khác</p></li><li><p>Cách đơn giản để tạo ấn tượng tốt đẹp</p></li><li><p>Để mọi việc luôn được suôn sẽ</p></li><li><p>Để trở thành người giao tiếp khéo léo</p></li><li><p>Thu hút sự quan tâm của người khác</p></li><li><p>Để người khác yêu thích bạn ngay lập tức</p></li></ul><p><em><strong>Phần 3: 12 cách hướng người khác suy nghĩ theo bạn</strong></em></p><ul><li><p>Không tranh cải!</p></li><li><p>Tôn trọng ý kiến người khác</p></li><li><p>Thẳng thắn thừa nhận sai làm của mình</p></li><li><p>Mật ngọt trong giao tiếp</p></li><li><p>Bí quyết của Socrates</p></li><li><p>Khôn ngoan khi gặp đối đầu</p></li><li><p>Để nhận được sự hợp tác cao nhất</p></li><li><p>Đặt mình vào hoàn cảnh người khác</p></li><li><p>Điều mọi người mong muốn</p></li><li><p>Khơi gợi sự cao thượng</p></li><li><p>Trình bày vấn đề một cách sinh động</p></li><li><p>Khơi gợi tinh thần vượt lên thử thách</p></li></ul><p><em><strong>Phần 4: Chuyển hoá ngưới khác mà không gây ra sự chống đối hay oán giận</strong></em></p><ul><li><p>Trước khi phê bình, hãy khen ngợi</p></li><li><p>Phê bình một cách gián tiếp</p></li><li><p>Nhìn nhận sai lầm của bản thân trước khi phê bình người khác</p></li><li><p>Gợi ý thay vì ra lệnh</p></li><li><p>Giữ thể diện cho người khác</p></li><li><p>Khuyến khích người khác</p></li><li><p>Cho người khác niềm tự hào</p></li><li><p>Mở đường cho người khác sửa chữa lỗi lầm</p></li><li><p>Tôn vinh người khác</p></li></ul><p><strong>Mời bạn đón đọc.</strong></p><p><br></p>','',10),(31,'Sách quyển','catalog/books/nxb_phunu/8159d54ac26d434d4b65ca36e871b142.jpg',18,52000.0000,0,1,'2009-02-03 17:00:10','2017-07-15 11:57:04','Dạy Trẻ Nên Người','<div class=\"item-summary\"><p><strong>Tác giả:</strong> Phạm Côn Sơn</p>\r\n\r\n<p><strong>Kích thước:&nbsp;</strong>14.5 x 20.5cm</p>\r\n\r\n<p><strong>Số trang: </strong>304</p>\r\n\r\n<p><strong>Phát hành:</strong> 2010</p></div>\r\n              <div class=\"short-description\">                  \r\n                   Dạy trẻ nên người sẽ giúp bạn biết cách: \r\n\r\n \r\n	 \r\n	 Khuyến khích trẻ phát triển các đặc tính tốt \r\n	 \r\n	 \r\n	 Dạy trẻ cách kiềm chế cảm xúc \r\n	 \r\n	 \r\n	 Cách biểu lộ tình yêu thương của cha mẹ với con trẻ \r\n	 \r\n	 \r\n	 Tưởng thưởng cho trẻ khi chúng biết cư xử tốt \r\n	 \r\n	 \r\n	 Người lớn không nên lúc nào cũng can thiệp \r\n	 \r\n	 \r\n	 Tin vào khả năng của con cái \r\n	 \r\n \r\n\r\n Mời bạn đón đọc. \r\n              </div>','',6),(32,'Hộp Truyện','catalog/books/nxb_tre/06dea06c900ac6d76ca0721180427e6f.jpg',5,620000.0000,0,1,'2009-02-03 17:07:26','2017-07-15 11:39:46','Harry Porter trọn bộ 7 tập','<br><span style=\"color: #ff6600; font-size: medium;\"><strong>Harry Potter Trọn Bộ 7 Tập</strong></span><br><br>Bộ truyện bảy tập Harry Potter là tác phẩm đáng tự hào nhất, nổi tiếng nhất đồng thời cũng là tác phẩm mang lại danh tiếng cho sự nghiệp văn chương của nữ tác giả người Anh J. K. Rowling.<br><br>Nội dung câu chuyện giả tưởng từng gây sốt trên nhiều thị trường sách này kể về cuộc chiến của cậu bé Harry Potter một mình chống lại một phù thủy hắc ám Chúa tể Voldemort, người đã giết cha mẹ cậu để thực hiện tham vọng làm chủ thế giới phù thủy. Harry Potter đã chắp cánh cho trí tưởng tượng của trẻ em trên toàn thế giới bay cao bay xa trong thế giới pháp thuật huyền hoặc. Truyện bắt đầu với một nhân vật bình thường, thậm chí là có phần tầm thường và nó diễn ra ngay bên cạnh chúng ta, bắt đầu từ sân ga 9¾ ở nhà ga Ngã tư Vua. Lần lượt bảy tập truyện sẽ đưa độc giả đi khám phá con đường trở thành pháp sư đầy chông gai, thử thách của Harry cùng với các bạn của mình tại ngôi trường phù thủy Hogwarts.<br><br>','',9),(33,'Sách Quyển','catalog/books/nxb_tong_hop_hcm/d999e5753ee1b044eaec71311c0484cb.jpg',37,61000.0000,0,1,'2009-02-03 17:08:31','2017-07-18 13:14:48','Quẳng Gánh Lo Đi Và Vui Sống','<p><b><i>Những Ý Tưởng Tuyệt Vời Để Sống Thanh Thản Và Hạnh Phúc</i></b></p><p>Nhờ\r\n các phương pháp của Dale Carnegie, hàng triệu người đọc đã xây dựng \r\nđược thái độ sống tích cực, an tâm cảm nhận hạnh phúc và mãi mãi loại bỏ\r\n thói quen lo lắng:</p><p>Hãy đóng chặt những cánh cửa sắt dẫn đến quá khứ và tương lai. Chỉ sống trong những vách ngăn của hiện tại</p><p>Nhìn nhận những mặt tích cực của cuộc sống</p><p>Khi làm việc đến quên mình, ta cũng quên đi mọi lo lắng</p><p>Thử kiểm tra theo luật bình quân, xác suất xảy ra điều bạn đang lo lắng là bao nhiêu phần trăm?</p><p>Luôn nỗ lực hết mình</p><p>Hãy nghĩ đến những may mắn bạn có được chứ không phải là những rắc rối</p><p>Hãy quên đi bản thân bằng cách quan tâm đến người khác. Mỗi ngày làm một điều tốt có thể khiến ai đó mỉm cười</p><p>Qua\r\n hơn nửa thế kỷ, những lời khuyên thiết thực và sâu sắc của Dale \r\nCarnegie vẫn còn nguyên giá trị cho đến ngày nay. Ngay bây giờ, bạn đã \r\ncó thể ghi tên mình vào danh sách hàng triệu con người đã học được cách:\r\n Quẳng gánh lo đi và vui sống!</p><b>Mời bạn đón đọc.</b><p><br></p>','',10),(34,'Sách Quyển BÌa Mềm','catalog/books/nxb_mythuat/82891f0717b495e9b61801a24b3ecf80.jpg',13,50000.0000,0,1,'2009-02-03 18:07:54','2017-07-19 19:51:45','Họa Sĩ Painter Đặng Thu Hương','<p><font size=\"3\">Họa sĩ Đặng Thu Hương vừa hoàn thành cuốn sách vào \r\ntháng 5.2013. Cuốn sách gồm 150 tác phẩm được chọn lọc qua quá trình làm\r\n việc của họa sĩ.</font></p><p><font size=\"3\"><br></font>\r\n\r\n</p><p><font size=\"3\">Những tác phẩm được sáng tác bằng chất liệu: sơn mài, \r\ngiấy dó màu nước, sơn dầu, bột màu. Những tác phẩm sơn mài và giấy dó \r\nmàu nước khai thác những chất liệu và kỹ thuật truyền thống được họa sĩ \r\nlàm việc công phu, tôn vinh được các chất liệu của hội họa Việt Nam. \r\nSách được NXB Mỹ thuật nộp lưu chiểu tháng 5/2013.</font></p><p></p>','',11),(36,'Sách Quyển Bìa Mềm','catalog/books/nxb_tre/73131bbc6dc153a38b6d9e0aeeb00caa.jpg',5,64000.0000,0,1,'2009-02-03 18:09:19','2017-07-18 12:55:59','Lá Nằm Trong Lá','<p>Mở cuốn sách mới của tác giả Nguyễn Nhật Ánh, bạn sẽ gặp những cái \r\ntên quen thuộc của những người nổi tiếng ngay trang 5 trang trọng đề \r\ntặng “các bạn văn hữu”: nhà thơ Bùi Chí Vinh, Phạm Sỹ Sáu, Lê Minh Quốc,\r\n nhà văn Nguyễn Đông Thức, nhà phê bình Huỳnh Như Phương, nhà báo Nguyễn\r\n Công Khế, Kim Hạnh, … Tuổi niên thiếu của “những thằng quỷ nhỏ” trong \r\ntruyện có gắn gì với họ không, có phải là họ không, chỉ họ và tác giả \r\nmới biết, nhưng bạn đọc thì có thể tưởng tượng ra một nhóm “thằng” thân \r\nthiết, bắt đầu lớn, biết thinh thích con gái và ngập mộng văn chương.</p><p>Chuyện\r\n của bút nhóm học trò, truyện nằm trong truyện, những cơn giận dỗi ghen \r\ntuông bạn gái bạn trai với nhau, nhiều nhất vẫn là chuyện nhà trường có \r\ncác cô giáo hơn trò vài tuổi coi trò như bạn, có thầy hiệu trưởng tâm lý\r\n và yêu thương học trò coi trò như con…Trở lại với đề tài học trò, hóm \r\nhỉnh và gần gũi như chính các em, Nguyễn Nhật Ánh chắc chắn sẽ được các \r\nbạn trẻ vui mừng đón nhận. Cứ lật đằng cuối sách, đọc bài thơ tình trong\r\n veo là có thể thấy điều đó “…Khi mùa xuân đến / Tình anh lại đầy / Lá \r\nnằm trong lá / Tay nằm trong tay”</p><p>***</p><p>“Viết cho trẻ con giờ \r\nkhó hơn xưa. Có hàng bao nhiêu là món giải trí rầm rộ, hoành tráng và \r\nlộng lẫy dọn sẵn, muốn thu phục “lũ tiểu yêu” thế kỷ 21 này, nhà văn \r\nkhông chỉ thông thuộc mặt bằng hiểu biết của chúng, mà còn phải tâm tình\r\n được với chúng bằng tốc độ của chúng. Có thể nói Nguyễn Nhật Ánh là một\r\n người lớn chấp nhận tham dự món du hành tốc độ cao cùng lũ trẻ. Thời \r\nthong thả đạp xe, từ tốn khuyên bảo đã qua rồi. Thực ra Nguyễn Nhật Ánh \r\nđã biết đi tàu tốc hành từ hai thập niên trước, khi nhữngKính vạn hoa, \r\nThằng quỷ nhỏ, Bàn có năm chỗ ngồi… đem lại cho văn học thiếu nhi một \r\ndiện mạo mới mẻ, những câu chuyện tưởng như ấm ớ ngày này qua tháng khác\r\n nhưng sao hôm nay nhìn lại, những người đã từng là trẻ con thấy nhớ \r\nquá..” <i>(VIỆT TRUNG, báo Thanh Niên)</i></p><p>“Bước vào khoảng trời \r\ncủa tuổi biết buồn, Nguyễn Nhật Ánh đã ghi lại những bâng khuâng rung \r\ncảm đầu đời. Trong tâm tưởng của các em, bây giờ không chỉ nghĩ về cái \r\ngì mà còn nghĩ về ai, về một người khác giới cụ thể nào, và về cả bản \r\nthân, thế giới ấy tràn ngập những câu hỏi xôn xao về \r\ncái-gọi-là-tình-yêu. Truyện của Nguyễn Nhật Ánh đã đưa vào những câu hỏi\r\n lớn, muôn thuở, quen thuộc - những câu hỏi mà dường như trong đời ai \r\ncũng từng đối diện ít nhất một lần. Vì thế, trong khi độc giả thiếu niên\r\n phục lăn vì nhà văn đi guốc vào bụng họ, thì độc giả người lớn mỉm cười\r\n mơ màng nhớ lại một thời thơ dại...\" <i>(TS. NGUYỄN THỊ THANH XUÂN, nhà nghiên cứu văn học)</i></p><b>Mời bạn đón đọc.</b>','',1),(40,'Bộ Truyện Combo 2 cuốn','catalog/books/nxb_tre/7a1ee1cd58e287b769c4a03802709c7b.jpg',5,119000.0000,0,1,'2009-02-03 21:07:12','2017-07-18 12:22:01','Truyện Đồng Thoại','<h3 class=\"mainbox2-title clearfix margin-top-20\">\r\n										Combo Truyện Đồng Thoại Nguyễn Nhật Ánh (Bộ 2 Cuốn)\r\n									</h3><p><a href=\"http://www.vinabook.com/c660/co-hai-con-meo-ngoi-ben-cua-so-bia-mem-p49950.html?company_id=1\"><b>Có Hai Con Mèo Ngồi Bên Cửa Sổ</b></a>\r\n - Cuốn truyện có độ dầy vừa phải, 67 hình vẽ của họa sĩ Đỗ Hoàng Tường \r\nsinh động đến từng nét nũng nịu hay kiêu căng của nàng mèo người yêu mèo\r\n Gấu, câu chuyện thì hấp dẫn duyên dáng điểm những bài thơ tình lãng mạn\r\n nao lòng song đọc to lên thì khiến cười hinh hích...</p><p><a href=\"http://www.vinabook.com/c664/chuc-mot-ngay-tot-lanh-bia-mem-p57141.html?company_id=1\"><b>Chúc Một Ngày Tốt Lành</b></a>\r\n - Đọc tựa cuốn sách mới nhất của nhà văn Nguyễn Nhật Ánh là muốn mở \r\nngay trang sách. Bạn sẽ thấy một thứ ngôn ngữ lạ của Hàn Quốc hay của \r\nnước nào tùy bạn đoán, Gô un un là Chào buổi sáng; Un gô gô là Chúc ngủ \r\nngon, và nữa, Chiếp un un; Ăng gô gô; Chiếp chiếp gô...&nbsp;</p><b>Mời bạn đón đọc.</b>','',1),(41,'','catalog/books/nxb_thegioi/8c91385efe4c21c284386fcb3a9a28dc.jpg',20,66000.0000,0,1,'2009-02-03 21:07:26','2017-07-14 14:16:18','Những Ngày Ở Châu Âu','<div class=\"std\">\r\n        <p style=\"text-align: justify;\">Những Ngày Ở Châu Âu</p>\r\n<p style=\"text-align: justify;\">NHỮNG NGÀY Ở CHÂU ÂU – CUỐN DU KÍ&nbsp; NGẬP TRÀN NĂNG LƯỢNG SỐNG</p>\r\n<p style=\"text-align: justify;\">Điều đáng sợ nhất của tuổi trẻ không \r\nphải là thất tình, thất nghiệp mà đáng sợ nhất là là uể oải trong một \r\nvòng luẩn quẩn buồn tẻ và rồi ngày ngày thất vọng về bản thân.</p>\r\n<p style=\"text-align: justify;\">Bởi thế đôi lúc trong đời bạn thức dậy, \r\nnhìn qua ô cửa sổ rồi đột nhiên muốn biến thành một cánh chim tự do bay \r\nđến những chân trời mới</p>\r\n<p style=\"text-align: justify;\">Ước rằng bạn đang ở 1 nơi xa với những điều chưa bao giờ chạm tời.</p>\r\n<p style=\"text-align: justify;\">Những ngày như vậy, nếu không thể xách \r\nba lô lên và đi đâu đó, thì hãy ngồi xuống cùng một tách trà và đọc cuốn\r\n du kí tràn đầy năng lượng Những Ngày Ở Châu Âu</p>\r\n<p style=\"text-align: justify;\">Cuốn sách vừa là một cuốn du kí vừa là \r\nngập tràn cảm hứng sống. Vừa thôi thúc bạn phấn đầu để một ngày: Châu Âu\r\n – Những điều đẹp đẽ kia đều nằm trong tay bạn.</p>\r\n<p style=\"text-align: justify;\">----</p>\r\n<p style=\"text-align: justify;\">Cả Châu Âu rộng lớn sẽ thu bé lại vừa bằng một cuốn sách. Tuy bé mà sức hấp dẫn vô biên</p>\r\n<p style=\"text-align: justify;\">Cho đến cuối cùng thì việc nỗ lực kiếm \r\ntiền âu cũng chỉ là để bản thân có thể hưởng thụ cuộc sống một cách tốt \r\nnhất. Vậy thì tại sao bạn không thử khiến mình thấy thoải mái hơn nhờ \r\nnhững điều khác biệt trong cuộc sống này?</p>\r\n<p style=\"text-align: justify;\">Có phải vì bạn chưa đủ tự tin, chưa đủ dũng cảm để tự bước ra ngoài kia khám phá những chân trời mới?</p>\r\n<p style=\"text-align: justify;\">Vậy thì Những Ngày Ở Châu Âu sẽ giúp bạn\r\n thêm sức mạnh để vươn tay chạm vào những điều mới mẻ và thú vị. Bởi \r\ntrong cuốn sách này là hàng ngàn điều kỳ thú mà bất cứ ai đọc được cũng \r\nsẽ khao khát một lần trong đời này được tận mắt chứng kiến, tận tâm trải\r\n nghiệm.</p>\r\n<p style=\"text-align: justify;\">Suy cho cùng, người hạnh phúc nhất không\r\n phải là người sở hữu nhiều vật chất, tiền bạc. Người hạnh phúc nhất là \r\nngười tuy chẳng có nhiều thứ trong tay nhưng lại có trong ký ức và cuộc \r\nđời mình những phong phú về trải nghiệm.</p>\r\n<p style=\"text-align: justify;\">Hãy đi để biết rằng cuộc đời này còn \r\nnhiều lắm những thứ đáng giá hơn giá trị vật chất và đi để cảm thấy rằng\r\n nhỏ bé nhưng chưa bao giờ tầm thường !</p>    </div>','',8),(43,'','catalog/books/nxb_vanhoc/5a33981e81981728b03c83c6df16e218.jpg',26,90000.0000,0,1,'2009-02-03 21:07:49','2017-07-14 14:06:22','Lời Hồi Đáp 1994','<div class=\"std\">\r\n        <p style=\"text-align: justify;\">Lời Hồi Đáp 1994</p>\r\n<p style=\"text-align: justify;\"><strong>Nối tiếp thành công của cuốn \r\ntiểu thuyết&nbsp; “Lời hồi đáp 1997”&nbsp; vừa ra mắt tháng 5 vừa qua; phần tiếp \r\ntheo trong series đình đám mang tên &nbsp;““Lời hồi đáp 1994”&nbsp; đã tạo nên làn\r\n sóng “ Hồi ức những năm 90” của đài truyền hình tVN chính thức tái ngộ \r\nđộc giả Việt Nam dưới dạng tiểu thuyết .</strong></p>\r\n<p style=\"text-align: justify;\"><em>Lời hồi đáp 1994 - </em><em>Tiếng gọi của những năm 90 nồng nhiệt mà ngây thơ, và nhớ thương đến nhói lòng.</em></p>\r\n<p style=\"text-align: justify;\">Từng trang sách lấp lánh những sắc màu \r\nquá khứ, lung linh những hồi ức về một thời thanh xuân đã qua đầy tươi \r\nđẹp của nhóm bạn trẻ những chàng trai, cô gái đến từ các tỉnh thành khác\r\n nhau của Hàn Quốc lần đầu tới Seoul để bắt đầu cuộc sống sinh viên dưới\r\n một mái nhà có một ông bố đáng yêu và một bà mẹ đáng kính. Cuốn sách sẽ\r\n khiến bạn gật gù thừa nhận rằng: từng trang sách <em>đã gợi nhớ lại những kỷ niệm đẹp</em> <em>về tuổi trẻ.</em>\r\n Với khung cảnh những năm 1990 mỗi ngày ở nhà trọ Shin Chon luôn đầy ắp \r\nnhững bất ngờ và thú vị, mỗi giây phút mọi người bên nhau cùng tạo nên \r\nnhững khoảnh khắc tươi đẹp vì cuộc sống chúng ta không thể thay đồi quá \r\nkhứ, không thể biết trước ngày mai sẽ ra sao nhưng có một điều chắc chắn\r\n đó là ngay khoảnh khắc này, chúng ta có thể làm cho nó trở nên tốt đẹp \r\nhơn.</p>\r\n<p style=\"text-align: justify;\">Những tình tiết trong cuốn sách cũng \r\nkhiến chúng ta thấy tim mình ấm áp nhận ra rằng: Chẳng có ai yêu thương \r\nmình bằng bố mẹ, điều khiến trái tim chúng ta rung động đó là hai chữ \r\nGia Đình.</p>\r\n<p style=\"text-align: justify;\">&nbsp;</p>\r\n<p style=\"text-align: justify;\">Câu chuyện còn xoay quanh các sự kiện \r\nvăn hóa nổi bật ở Hàn Quốc năm 1994, với sự xuất hiện của nhóm nhạc thần\r\n tượng đầu tiên của Kpop “Seo Taiji and Boys” và đội bóng rổ trứ danh \r\ncủa Đại Hàn Dân Quốc.</p>\r\n<p style=\"text-align: justify;\">Làn sóng thần tượng thời kì này không \r\nquá được chú trọng như đối với “Lời hồi đáp 1997” nhưng bạn lại bắt gặp \r\ntrong đó những câu chuyện rất đời: Cuộc sống đại học ở Yonsei - một \r\ntrong những trường danh giá nhất Hàn Quốc với những cô cậu tỉnh lẻ, một \r\ngia đình trung lưu bình thường mới chuyển lên Seoul mở nhà trọ, quan hệ \r\nruột thịt, bạn bè, công việc, lý tưởng tuổi trẻ và những người đi lướt \r\nqua nhau...</p>\r\n<p style=\"text-align: justify;\"><em>“</em><em>Bầu trời. Trong mắt người này có thể là bầu trời sáng rực đầy hi vọng, nhưng đối với người khác lại chói chang đáng sợ.”</em></p>\r\n<p style=\"text-align: justify;\">Câu chuyện như một cuộc chơi giữa nhà \r\nvăn và độc giả : Rốt cục ai mới là chồng của nữ chính Sung Na Jung? Là \r\nanh trai điển hình của nhân loại với cái tên “mỹ miều” - Rác vì chỉ mặc \r\nđộc một bộ đồ thể thao trong nhiều ngày liền. Anh thực chất không phải \r\nlà anh ruột của Na-Jung và tình cảm anh dành cho cô cũng không phải tình\r\n cảm anh – em thông thường. Hay người ấy là Chilbong - cầu thủ bóng chày\r\n chân thật, ngọt ngào, lặng lẽ khiến trái tim bao cô gái tan chảy nhưng \r\nrụt rè.</p>\r\n<p style=\"text-align: justify;\"><em>“Bởi vì mình quá tốt nên mình mới \r\nthất bại. Bởi vì mình quá tốt, cho dù là người con gái mà mình thích, \r\nmình cũng không thể hỏi cô ấy cho rõ ràng.” – Chilbong.</em></p>\r\n<p style=\"text-align: justify;\">Mối tình đầu sẽ chiến thắng hay sẽ như Chilbong nói “ Chưa phải kết thúc cho đến khi kết thúc thực sự” và ai sẽ được cú “<em>home run”n </em>đây? (Thuật ngữ bóng chày = ghi điểm trực tiếp)?</p>\r\n<p style=\"text-align: justify;\">Tất tả những tình tiết thú vị đó sẽ khiến người đọc nín thở bởi: Tình yêu&nbsp;đơn phương tuy thầm kín nhưng lại vô cùng mãnh liệt<em>.</em>Ở\r\n lứa tuổi 20,tình yêu&nbsp;là một cái gì đó thuần khiết,mơ hồ.Vậy nên không \r\nphải bất cứ một tuổi trẻ nào cũng có thể may mắn có được. Những cô cậu \r\nsinh viên chập chững những bước đi đầu tiên liệu có đủ dũng khí để tìm \r\nthấy ước mơ của cuộc đời mình, liệu có đủ can đảm để đến bên ai đó nắm \r\ntay. Liệu tương lai có tốt đẹp như điều ước mà họ đã cùng nhau nguyện \r\ncầu?</p>\r\n<p style=\"text-align: justify;\"><em>“Trong tiếng Anh, từ “present” có \r\nhai nghĩa: hiện tại và món quà. Món quà quý giá nhất của cuộc sống chính\r\n là hiện tại,chính là thời khắc đang trôi qua ngay trước mắt chúng ta.”</em></p>    </div>','',7),(46,'Bộ Dày','catalog/books/nxb_tre/652d725082f3d55ee742d1237f86cd38.jpg',5,110000.0000,0,1,'2009-02-03 21:08:29','2017-07-18 13:00:34','Kính Vạn Hoa (tập 1)','<p>Bộ truyện được yêu thích của các em nhỏ với nhiều đề tài: tình cảm gia đình, trường lớp, bạn bè...<br></p><p><b>Mời bạn đón đọc.</b></p>','',1),(47,'Sách Quyển','catalog/books/nxb_thong_tin_va_truyen_thong/d81acc1b5c84332696d29abb2c1c266d.jpg',31,104000.0000,0,1,'2009-02-03 21:08:40','2017-07-27 12:47:57','Chiến Tranh Tiền Tệ','<p><b><i>“Chiến tranh tiền tệ”</i></b>&nbsp;giúp chúng ta hiểu nhiều điều, \r\nrằng Bill Gates chưa phải là người giàu nhất hành tinh, rằng tỉ lệ tử \r\nvong của các tổng thống Mỹ lại cao hơn tỉ lệ tử trận của binh lính Mỹ \r\nngoài chiến trường, hay vì sao phố Wall lại mạo hiểm đổ hết vốn liếng \r\ncủa mình cho việc “đầu tư” vào Hitler.</p><p><b><i>“Chiến tranh tiền tệ”</i></b>&nbsp;đề\r\n cập đến một cuộc chiến khốc liệt, không khoan nhượng và dai dẳng giữa \r\nmột nhóm nhỏ các ông trùm tài chính - đứng đầu là gia tộc Rothschild - \r\nvới các thể chế tài chính kinh tế của nhiều quốc gia. Đó là một cuộc \r\nchiến mà đồng tiền là súng đạn và mức sát thương thật là ghê gớm. Một \r\ncuốn sách thực sự làm sửng sốt với những ai muốn tìm hiểu về bản chất \r\ntiền tệ để từ đó nhận ra những hiểm hoạ tài chính tiềm ẩn nhằm chuẩn bị \r\ntâm lý cho một cuộc chiến tiền tệ “không đổ máu”.</p><p>Bên cạnh việc \r\nphơi bày những âm mưu của các nhà tài phiệt thế giới trong việc tạo ra \r\nnhững cơn “hạn hán” hay “bão lũ” về tiền tệ để thu lợi nhuận, cuốn sách \r\ncũng đề cập đến sự phát triển của các định chế tài chính thế giới - \r\nnhững cơ cấu được xây dựng nhằm đáp ứng nhu cầu phát triển vũ bão của \r\nnền kinh tế toàn cầu.</p><p>***</p><p><b>Một số trích dẫn:</b></p><p>“Trong\r\n mắt họ [gia tộc Rothschild] không có chiến tranh và hòa bình, không có \r\nkhẩu hiệu và tuyên ngôn, cũng không có chết chóc và danh dự, họ xem \r\nthường những thứ mê hoặc đôi mắt của người đời này. Trong mắt họ chỉ có \r\nbàn đạp.”</p><p>“Tiền không có Tổ quốc. Các nhà tài chính không biết thế\r\n nào là lòng ái quốc và sự cao thượng. Mục đích duy nhất của họ chính là\r\n thu lợi.”</p><p>“Của cải vốn dĩ tự động chảy về nơi có thể bảo vệ nó và khiến nó tăng giá trị.”</p><b>Mời bạn đón đọc.</b><br><p><br></p>','',15),(48,'Sách Quyển Bìa Mềm','catalog/books/nxb_hoi_nha_van/273ee3386a676594c311fc6b34036dc8.jpg',25,74000.0000,0,1,'2009-02-08 17:21:51','2017-07-19 20:14:46','Sử Việt - 12 Khúc Tráng Ca','<p>Tác phẩm <i><b>“Sử Việt - 12 khúc tráng ca”</b></i> kể về 12 câu \r\nchuyện dựng nước và giữ nước thời phong kiến, được chọn lọc theo tính \r\nchất quan trọng và hùng tráng trong dòng chảy lịch sử Việt Nam. Cuốn \r\nsách là sự kết hợp của những tư liệu lịch sử đã được kiểm chứng, xen kẽ \r\nvới nhận định và đánh giá của người biên soạn. Tác phẩm kể lại các câu \r\nchuyện Sử Việt đầy hấp dẫn bằng một cách tiếp cận hoàn toàn mới, không \r\nphải như tiểu thuyết dã sử, nhưng cũng không phải là một tài liệu chuyên\r\n khảo khô khan.&nbsp;</p><p>Đây là cuốn sách dành cho tất cả mọi thế hệ. Bởi \r\nchỉ cần là người Việt Nam, thì đều có thể tìm kiếm được trong đây tình \r\nyêu với sử nhà bởi tính chất hấp dẫn, bi hùng và những bài học của tiền \r\nnhân để lại thông qua những câu chuyện đặc sắc.</p><p>Không chỉ đưa \r\nngười đọc đến với những vị anh hùng như Lý Thường Kiệt, Trần Hưng Đạo… \r\ncuốn sách còn đến với những nhân vật quan trọng chưa được đánh giá đúng \r\nmực (Khúc Hạo), hay những địa danh bị bụi phủ mờ (thành Bình Lỗ, đầm Thị\r\n Nại), càng không chỉ nói sơ qua chiến tích ở Bạch Đằng, mà còn giúp \r\nhiểu thêm kĩ thuật đóng cọc trên sông. Bên cạnh giải đáp chuyện bí ẩn \r\nQuang Trung hành quân thần tốc, còn lý giải vì sao lãnh thổ dân tộc có \r\ndiện mạo hình chữ S như ngày hôm nay.</p><p><b><i>“Sử Việt – 12 khúc tráng ca”</i></b>\r\n hệt như một cuốn phim li kì, với hàng loạt câu hỏi về các nghi án lịch \r\nsử, những tranh đoạt hoàng quyền trong các triều đại phong kiến Việt \r\nNam. Cuốn sách như một bản nhạc, khi thì dồn dập, khi thì bi ai, khi thì\r\n hùng tráng, khi thì trầm mặc. Những câu chuyện trập trùng xen kẽ như \r\ncác khúc ca thăng trầm của dân tộc Việt Nam.</p><b>Mời bạn đón đọc.</b>','',13),(49,'Sách Quyển','catalog/books/nxb_lao_dong/092af0e721c10876dcf40932af6f64c9.jpg',33,88000.0000,1,1,'2011-04-26 08:57:34','2017-07-27 12:53:40','Những Cuộc Phiêu Lưu Trong Kinh Doanh','<p>“Không lâu sau lần đầu gặp Warren Buffet vào năm 1991, tôi có hỏi về \r\ncuốn sách quản trị kinh doanh yêu thích nhất của ông. Không mất đến nửa \r\ngiây suy nghĩ, ông trả lời: ‘Đó là <b><i>Những cuộc phiêu lưu trong kinh doanh</i></b> của John Brooks, tôi sẽ gửi cho cậu cuốn của mình.’</p><p>Đến\r\n nay đã hơn hai mươi năm kể từ ngày Warren cho tôi mượn cuốn sách đó ‒ \r\nvà hơn bốn mươi năm kể từ khi nó được xuất bản lần đầu tiên ‒ <i><b>Những cuộc phiêu lưu trong kinh doanh</b></i> vẫn là cuốn sách quản trị kinh doanh hay nhất mà tôi từng đọc.” <b><i>- Bill Gates</i></b></p><p><b><i>Những cuộc phiêu lưu trong kinh doanh</i></b>\r\n với 12 câu chuyện thú vị và không kém phần kịch tính về những sự kiện \r\nnổi tiếng tại Phố Wall này sẽ vén màn những âm mưu cũng như bộc lộ bản \r\nchất thất thường của thế giới tài chính. Xuyên suốt cuốn sách là những \r\nbáo cáo chi tiết và sắc sảo của John Brooks, dù đó là sự kiện thị trường\r\n chứng khoán sụp đổ năm 1962, thất bại của một công ty môi giới danh \r\ntiếng, hay nỗ lực táo bạo của các ngân hàng Mỹ nhằm cứu vãn đồng bảng \r\nAnh. Sau tất cả, những câu chuyện này vẫn còn nguyên giá trị và tính \r\nthời sự để giúp chúng ta nắm bắt được tính phức tạp của đời sống kinh \r\ndoanh.</p><p><b><i>Những cuộc phiêu lưu trong kinh doanh</i></b> thực sự là những phân tích tài chính sống động và xuất sắc nhất từ trước đến nay.</p><b>Mời bạn đón đọc.</b><p><br></p>','',16),(60,'Sách Quyển','catalog/books/nxb_dantri/1e8252ba5a955b902d4fc7e66e3869ad.jpg',38,38000.0000,0,1,'2015-06-22 06:46:02','2017-07-18 13:28:13','Phát Huy Giá Trị','<p>Với mỗi một thế hệ mới, thông điệp của Carnegie lại chỉ ra một khả \r\nnăng kì lạ có thể tự đánh giá bản thân để phù hợp với sự thay đổi của \r\nthế giới. Giao tiếp có hiệu quả, khuyến khích họ đạt được và khám phá \r\nđược khả năng lãnh đạo tiềm ẩn trong bản thân mỗi người là vấn đề được \r\nquan tâm hàng đầu của Dale Carnegie. Với một thế giới đang ở trong tình \r\ntạng hỗn loạn như hiện nay thì thời đại của ông lại xuất hiện một lần \r\nnữa.Trong những trang tiếp theo, những nguyên tắc của Carnegie về quan \r\nhệ của con người được áp dụng cho một loạt những thách thức mà ngày nay \r\ncon người phải đối mặt.</p><p>Đó là những nguyên tắc cơ bản và rất dễ \r\nhiểu, không đòi hỏi người học phải có kĩ năng chuyên môn hay có kiến \r\nthức chuyên sâu nào. Chỉ cần có tinh thần sẵn sàng học hỏi và luyện tập \r\nthật sự là được.</p><p>Bạn đã chuẩn bị để đối mặt với những thử thách, \r\nnhững quan điểm lâu đời của thế giới chưa? Bạn đã sẵn sàng để xử lý \r\nnhững mối quan hệ của bạn một cách thoải mái và thành công chưa? Bạn có \r\nmuốn làm tăng giá trị điều quý giá nhất của bạn – con người trong cuộc \r\nsống cá nhân và trong công việc của bạn không? Bạn có sẵn sàng đi tìm và\r\n giải phóng nhà lãnh đạo trong chính bản thân bạn không?</p><p>Nếu có, hãy đọc tiếp. Những điều tiếp theo có thể sẽ làm thay đổi cuộc sống của bạn.</p><p>-\r\n “Cuốn sách này không có gì phức tạp, huyền bí hay khó hiểu. Nhưng nó có\r\n thể biến bạn trở thành một nhà lãnh đạo trong một thế giới phức tạp, \r\nkhó khăn và đôi khi huyền bí. Khả năng lãnh đạo là chìa khoá của thành \r\ncông” - Burt Mannung, Giám đốc kiêm chủ tịch hội đồng quản trị. J. \r\nWalter Thompson.</p><p>- “Theo quan điểm của Dale Carnegie, cuốn sách \r\nnày làm cho người ta biết phát triển khả năng lãnh đạo hiệu quả - món \r\nquà mà ai sinh ra cũng có - dễ dàng và đơn giản. Đây là cuốn sách rất \r\ncần thiết cho những người làm kinh doanh ngày nay, những người muốn biến\r\n sự mạo hiểm thành sự thành công trong công việc” - Tiến sĩ Irwin L. \r\nKeller, nhà kinh tế học, Tập đoàn Ngân hàng hoá học.</p><p>- “Một cơ hội\r\n chưa từng có để học những điều tốt nhất: những nhà quán quân trong tất \r\ncả các lĩnh vực chia sẻ về những câu chuyện của chính họ và những chiến \r\nlược đã được chứng minh là đem đến thành công. Tôi cho cuốn sách này \r\nxứng đáng được điểm 10” – Mary Lou Retton.</p><p><b>Mục lục:</b></p><p>Cách mạng xã giao</p><p>Tìm giá trị để phát huy</p><p>Bắt đầu giao tiếp</p><p>Khuyến khích người khác</p><p>Thể hiện sự quan tâm chân thành tới người khác</p><p>Nhìn mọi việc từ quan điểm của người khác</p><p>Lắng nghe để học hỏi</p><p>Hợp sức cho ngày mai</p><p>Tôn trọng phẩm giá của người khác</p><p>Ghi nhận, khen ngợi và tặng thưởng</p><p>Xử lý các sai lầm, phàn nàn và chỉ trích</p><p>Đặt mục tiêu</p><p>Tập trung và kỷ luật</p><p>Đạt được cân bằng</p><p>Có thái độ tích cực</p><p>Học cách chế ngự lo lắng</p><p>Sức mạnh của sự nhiệt tình</p><p>Kết luận</p><p>Biến điều mơ ước thành sự thật.</p><p><b>Mời bạn đón đọc.</b></p>','',10),(63,'Sách Quyển ','catalog/books/nxb_tre/7a09dae42ecc1183f5b37aff78e338e9.jpg',5,52000.0000,1,1,'2016-02-23 14:33:11','2017-07-18 12:29:06','Người Quảng Ăn Mì Quảng','<h3 class=\"mainbox2-title clearfix margin-top-20\">\r\n										Người Quảng Đi Ăn Mì Quảng&nbsp;</h3><h3 class=\"mainbox2-title clearfix margin-top-20\">\r\n</h3><p>Tạp văn của Nguyễn Nhật Ánh không chỉ luận bàn về mì Quảng. Anh nói \r\nđủ mọi thứ trên trời dưới bể. Từ món ăn đến thư pháp, từ sân khấu đến \r\nđiện ảnh, từ chuyện ở nhà đến chuyện cơ quan, từ chuyện siêu thị đến \r\nchuyện phố xá, từ chuyện Sài Gòn đến chuyện miền Tây... Anh luận bàn đủ \r\nthứ: từ lớn đến nhỏ, từ đồ giả đến cuộc náo loạn Hollywood, từ quạt \r\nCophaco đến quạt Ba Tiêu... Anh cũng thích đủ mọi thứ: từ thú đọc quảng \r\ncáo đến nghe cải lương bên sông Tiền, từ xem bóng đá đến ngắm hoa đào \r\ntrong tranh, rồi “chat”... Rồi buồn và nuối tiếc những kỷ niệm xưa như \r\nChia tay buổi chiều, Sách của một thời, Buồn gì đâu...</p><p>Anh trò \r\nchuyện với đủ mọi người: từ gã họ Đỗ ở báo Sài Gòn Tiếp Thị đến các bạn \r\nđọc nhí của tờ Mực Tím, từ chị trông giữ xe đến những người hàng xóm, bà\r\n cụ bán nước, từ cô con gái nhỏ trong nhà đến những em bé chẳng hề \r\nquen... lang thang trong những kiếp người... Đọc hết, mới thấy một \r\nNguyễn Nhật Ánh thật ân tình và tỉ mỉ. Hóa ra những cuộc trò chuyện của \r\nanh cứ tưởng là tầm phào thế mà đầy triết lý. Anh không bàng quan, không\r\n thờ ơ với cuộc sống mà nặng lòng với hết thảy. Sau mỗi cuộc chuyện trò,\r\n cho dù đó là cuộc gặp gỡ ngẫu nhiên, bao giờ anh cũng phát hiện ra một \r\nđiều gì đấy - cái điều mà chính anh cũng thấy bất ngờ, thú vị.</p><b>Mời bạn đón đọc.</b>','...',1),(64,'','catalog/books/nxb_yhoc/eb8daa577be447f5ab0d7788f3e1ea6a.jpg',34,44000.0000,0,1,'2016-02-23 14:50:04','2017-07-13 20:26:14','Đông Trùng Hạ Thảo','<div class=\"field field-name-body field-type-text-with-summary field-label-hidden\"><div class=\"field-items\"><div class=\"field-item even\"><p class=\"rtejustify\">Cuốn\r\n sách là tài liệu quý hỗ trợ điều trị các bệnh virus, ung thư, HIV/AIDS,\r\n đái tháo đường, suy giảm tình dục... và nghiên cứu phát hiện loài đông \r\ntrùng hạ thảo mới ở Việt Nam” gồm 10 chương trong đó giới thiệu khái \r\nquát về ĐTHT, thành phần hoá học, tác dụng dược lý, sử dụng chữa bệnh, \r\ncơ chế tác dụng, phương pháp nuôi cấy, một số chế phẩm hiện có bán ở \r\nViệt Nam; một số hình ảnh thu được và một số phương pháp hiệu nghiệm của\r\n GS.VS.TSKH. Đái Duy Ban áp dụng ĐTHT chữa một số bệnh.</p>\r\n<p class=\"rtejustify\">Cuốn sách có thể phục vụ cho đông đảo các bác sỹ, \r\nthầy thuốc Đông Tây y, các sinh viên y dược, các cán bộ giảng dạy, các \r\nnhà khoa học có liên quan và nhân dân nuôi ĐTHT sử dụng để tham khảo và \r\nnghiên cứu.</p>\r\n<p class=\"rtejustify\">Ở lần tái bản này, cuốn sách có bổ sung các phương\r\n pháp hiệu nghiệm của GS.Đái Duy Ban áp dụng ĐTHT chữa một số bệnh như \r\nung thư, virus, HIV/AIDS, tăng cường miễn dịch...</p>\r\n</div></div></div>','...',4),(65,'Bộ Truyện Combo 4 tập','catalog/books/nxb_tre/f336b30be9173cfb0573cbe416304fba.jpg',5,547000.0000,1,1,'2016-02-23 15:12:12','2017-07-18 12:51:16','Chuyện Xứ Lang Biang','<p class=\"mainbox2-title clearfix margin-top-20\">Combo Chuyện Xứ Lang Biang (Bộ 4 Tập)-Tặng Kèm Sổ Thần Chú<br></p><p>Bộ sách&nbsp;<i><b>Chuyện xứ Lang Biang</b></i>&nbsp;là câu chuyện kể về chuyến\r\n phiêu lưu kỳ thú của hai nhân chính Nguyên và Kăply bị lạc vào xứ phù \r\nthủy Lang Biang và tình cờ trở thành hai “Chiến binh giữ đền” có nhiệm \r\nvụ tiêu diệt phe Hắc Ám.</p><p>Bộ truyện ra đời đã nhận được sự đón nhận\r\n nồng nhiệt từ phía độc giả bởi sự hấp dẫn của tiết tấu nhanh như phim \r\nhành động, cộng thêm những chi tiết dí dỏm, hài hước vốn có, và nhất là \r\nkết thúc luôn đẹp nhân hậu đúng phong cách Nguyễn Nhật Ánh.</p><p><b>Trọn bộ gồm 4 tập:</b></p><ul><li>Chuyện Xứ Lang Biang - Tập 1<br></li><li>Chuyện Xứ Lang Biang - Tập 2<br></li><li>Chuyện Xứ Lang Biang - Tập 3<br></li><li>Chuyện Xứ Lang Biang - Tập 4<br></li></ul><p><b>Mời bạn đón đọc.</b></p>','...',1),(66,'','catalog/books/nxb_phunu/3f8d210ebe11ae618d843cc4c3e38463.jpg',18,368000.0000,1,1,'2016-02-23 15:25:42','2017-07-18 12:49:22','68 Ngộ Nhận & Giác Ngộ về Nuôi Con Bằng Sữa Mẹ','<div class=\"item-summary\">Bạn có biết:  \r\n\r\n \r\n	 Hầu hết các bà mẹ đều có thể nuôi con bằng sữa mẹ. Tổ chức Y tế Thế \r\ngiới nhận định: 98% các bà mẹ có khả năng nuôi con bằng sữa mẹ hoàn \r\ntoàn, chỉ có 2% các bà mẹ không thể có khả năng nuôi con bằng sữa mẹ. \r\nNhững bà mẹ ít sữa, thiếu sữa đều có cách để đủ sữa mẹ cho con uống, \r\nkhông cần đến sữa công thức. \r\n	 Sữa non đã có sẵn trong bầu vú mẹ từ tuần 16-20 của thai kỳ và con...\r\n              </div><div class=\"short-description\"><br></div><div class=\"short-description\"><div class=\"item-summary\"><p><strong>Tác giả:</strong> Lê Nhất Phương Hồng</p>\r\n\r\n<p><strong>Kích thước: </strong>17 x 26,5 cm</p>\r\n\r\n<p><strong>Số trang: </strong>436</p>\r\n\r\n<p><strong>Phát hành:</strong> 2015</p></div></div>','...',5),(67,'','catalog/books/nxb_vanhoa_vannghe/1637e562d88eb8f910f8cc9af0f5ab4b.gif',35,35000.0000,1,1,'2016-02-23 16:29:43','2017-07-13 20:19:51','Tục Thờ Bác Ở Đồng Bằng Sông Cửu Long','<p style=\"text-align: justify;\"><span style=\"font-size: small; color: #ff6600;\"><strong>Tục thờ Bác ở đồng bằng sông Cửu Long</strong></span></p>\r\n<p class=\"noidung\" style=\"text-align: justify;\">Tác giả: Nguyễn Thị Đức</p>\r\n<p class=\"noidung\" style=\"text-align: justify;\">Tín ngưỡng tôn giáo là \r\nmột hiện tượng xã hội đã tồn tại từ rất lâu đời, nó luôn chứa đựng những\r\n giá trị văn hóa, giá trị nhân văn cao cả, đạo đức nhất định của mỗi con\r\n người qua từng giai đoạn của diễn trình lịch sử. Mỗi người dân luôn \r\nchọn cho mình một niềm tin, một tín ngưỡng, một thần tượng để học tập và\r\n noi theo những tấm gương đó. Sự học tập và noi theo tấm gương tốt đã \r\nđược ông cha ta hun đúc từ xa xưa và dần trở thành một đạo thờ cúng \r\ngiống như thờ cúng tổ tiên. Điều này, nhằm góp phần thúc đẩy sự phát \r\ntriển xã hội, gia tăng những yếu tố nhân văn cao cả, kích thích sự sáng \r\ntạo văn hóa, lối sống văn hóa lành mạnh, phát huy giá trị văn hóa vươn \r\ntới sự hoàn mỹ.</p>\r\n<p class=\"noidung\" style=\"text-align: justify;\">Chủ tịch Hồ Chí Minh là \r\nvị anh hùng dân tộc. Người không những trở thành niềm tự hào của mọi \r\nngười dân Việt Nam mà còn của nhân dân thế giới bởi sự giản dị, mộc mạc,\r\n chân thật, thẳng thắn, cởi mở, thân thiện với mọi người, kiên định, sắc\r\n sảo trong mọi quyết định, nhưng cũng uyển chuyển, linh hoạt trong công \r\nviệc, sẵn sàng giúp đỡ, chỉ bảo cặn kẽ mọi người, từ các cháu nhi đồng \r\nđến cả những người lớn tuổi. Sự tôn trọng, yêu mến, thương yêu của Người\r\n đối với mọi người dân Việt Nam và thế giới đã làm mọi người yêu quý, \r\nkính trọng, mến phục, thần tượng Người.</p>\r\n<p class=\"noidung\" style=\"text-align: justify;\">Do bối cảnh đặc biệt của\r\n đất nước mà phần lớn đồng bào và chiến sĩ miền Nam chưa một lần được \r\ngặp Bác và phải chăng vì thế mà tình yêu thương của họ dành cho Người \r\nngày càng chất chứa nhiều hơn và trở nên lớn hơn. Sự tôn kính, yêu \r\nthương vô bờ bến của đồng bào, chiến sĩ miền Nam đối với Chủ tịch Hồ Chí\r\n Minh không chỉ trong tâm khảm của mỗi người mà nó được thể hiện bằng \r\nhành động, chính là sự tự giác, tự nguyện, sự đồng tâm hợp lực trong \r\ncuộc chiến đấu giải phóng dân tộc. Mỗi người dân miền Nam xa xôi khi \r\nnghe tin Bác qua đời, tiếng khóc nghẹn ngào, nước mắt tự nhiên cứ tuôn \r\nchảy dài trên khuôn mặt của trẻ thơ lẫn người già. Đây là nỗi đau mất \r\nmát lớn không chỉ của đồng bào miền Nam mà là nỗi đau mất mát của cả dân\r\n tộc Việt Nam.</p>\r\n<p class=\"noidung\" style=\"text-align: justify;\">Để thể hiện tình yêu vô \r\nbờ với Bác, đồng bào miền Nam đã không quản ngại khó khăn, gian khổ, bom\r\n đạn của kẻ thù đang xâm lược miền quê của mình, cùng nhau góp sức lập \r\nnên những bàn thờ, đền thờ để thờ cúng Bác Hồ. Tùy theo điều kiện và \r\nhoàn cảnh của mỗi vùng, mỗi tỉnh, mỗi địa phương, việc xây dựng đền thờ \r\nBác trong thời kỳ chiến tranh với các nguyên vật liệu đơn sơ, mộc mạc \r\nbằng cây, lá dừa hoặc bằng gạch, cát,... được người dân tình nguyện đóng\r\n góp cùng với các Đảng bộ và nhân dân vùng kháng chiến lập nên.</p>\r\n<p class=\"noidung\" style=\"text-align: justify;\">Trải qua hơn 40 năm từ \r\nkhi Bác Hồ qua đời, các di tích đền thờ Chủ tịch Hồ Chí Minh ở một số \r\nnơi đã được chuyển đổi vị trí do chiến tranh tàn phá, thiên tai, nhưng \r\nvẫn được chính quyền các cấp ủng hộ, người dân địa phương đã đóng góp \r\ntiền của và công sức để sửa chữa, trùng tu, hoặc xây dựng mới, phù hợp \r\nvới hoàn cảnh của mỗi địa phương để có được những đền thờ Bác Hồ như \r\nngày nay.</p>\r\n<p class=\"noidung\" style=\"text-align: justify;\">Nhân dân Việt Nam nói \r\nchung và nhân dân ở các tỉnh đồng bằng sông Cửu Long nói riêng, hay bạn \r\nbè quốc tế khi đến đền thờ Chủ tịch Hồ Chí Minh, đều mang tâm trạng bồi \r\nhồi, xúc động, tràn đầy niềm tin hòa lẫn sự thiêng liêng khi thắp những \r\nnén hương trước di ảnh của Người. Những việc làm ấy của người dân được \r\nhình thành một cách tự nhiên và không lâu sau đó đã lan rộng dần theo \r\nthời gian và không gian, trở thành một hành vi quen thuộc, một truyền \r\nthống, một phong tục tốt đẹp, đó là tín ngưỡng thờ cúng Bác Hồ của người\r\n dân vùng đồng bằng sông Cửu Long.</p>\r\n<p class=\"noidung\" style=\"text-align: justify;\">Hiện nay, hàng năm vào \r\ncác ngày lễ lớn của đất nước, ngày sinh, ngày mất của Chủ tịch Hồ Chí \r\nMinh, chính quyền và người dân đồng bằng sông Cửu Long, nơi có các đền \r\nthờ Bác Hồ đã tổ chức kỷ niệm long trọng, trang nghiêm, tôn kính, và \r\nthiêng liêng. Những hành động ấy trở thành nét sinh hoạt văn hóa, có \r\nnguồn gốc từ tín ngưỡng truyền thống dân gian mà đối tượng dân chúng thờ\r\n phụng chính là Bác Hồ. Từ đây, các hoạt động văn hóa ở đền thờ Bác Hồ \r\nlà một hình thức tín ngưỡng đan kết với các hình thức của đạo thờ Tổ \r\ntiên và tín ngưỡng tôn giáo của cư dân vùng đồng bằng sông Cửu Long, \r\nthấm đượm đạo lý uống nước nhớ nguồn, là cách ứng xử của người Việt ở \r\nđồng bằng sông Cửu Long. Các sinh hoạt văn hóa ở đền thờ Bác Hồ đã tiếp \r\nnhận cội nguồn xa xưa của tín ngưỡng truyền thống và được tiếp thêm tinh\r\n thần thời đại để có sức sống trường tồn trong xã hội hôm nay. Điều này \r\nđặt ra vấn đề nghiên cứu thú vị về một hiện tượng tín ngưỡng mới, một \r\nkhông gian thiêng được lập nên từ niềm tin thiêng liêng với vị lãnh tụ \r\ndân&nbsp;tộc.</p>\r\n<p class=\"noidung\" style=\"text-align: justify;\">Việc nghiên cứu về lãnh \r\ntụ, đặc biệt là Chủ tịch Hồ Chí Minh, từ trước đến nay là công việc của \r\nrất nhiều tổ chức, của nhiều người, nhiều thế hệ. Công trình này của \r\nchúng tôi chỉ là sự cố gắng của một cá nhân vì lòng kính trọng, ngưỡng \r\nmộ đối với Bác Hồ, nhằm góp sức vào sự nghiệp chung. Tuy đã cố gắng nỗ \r\nlực rất nhiều, nhưng cũng khó tránh khỏi những thiếu sót, mong bạn đọc \r\nlượng thứ. Và nếu cuốn sách này đáp ứng được phần nào sự quan tâm của \r\nbạn đọc, thì đó là sự khích lệ động viên, là mong ước của tác giả.</p>\r\n<p class=\"noidung\" style=\"text-align: justify;\">Để hoàn thành được công \r\ntrình này, tác giả xin được chân thành cám ơn sự ủng hộ và giúp đỡ tận \r\ntình của GS.TS. Nguyễn Xuân Kính, GS.TS. Lê Hồng Lý, GS.TS. Trương Quốc \r\nBình, PGS.TS. Nguyễn Thị Phương Châm cùng các Thầy, Cô thuộc Học viện \r\nKhoa học Xã hội - Viện Hàn lâm Khoa học Xã hội Việt Nam... đặc biệt, hết\r\n sức cám ơn sự hướng dẫn giúp đỡ của lãnh đạo, cán bộ các Bảo tàng tỉnh,\r\n thành phố, các ban Quản lý di tích đền thờ Bác Hồ, Ủy ban Nhân dân các \r\nxã có đền thờ,... các nhân chứng lịch sử đã từng tham gia xây dựng, bảo \r\nvệ đền thờ Bác trong thời kỳ chiến tranh, cũng như các gia đình, và \r\nnhiều cá nhân cùng bạn bè thân hữu đã nhiệt tình hỗ trợ tác giả hoàn \r\nthành công việc trong quá trình tổ chức thực hiện các đợt điền dã tại \r\nmột số tỉnh đồng bằng sông Cửu&nbsp;Long.</p>','...',3),(68,'Sách Quyển','catalog/books/nxb_lao_dong/d981438b42157e60639b813b22282022.jpg',33,77000.0000,1,1,'2016-02-23 16:44:19','2017-07-19 20:02:57','Chat Với Bác Sĩ','<p>Ngày nay, mỗi gia đình có ít con hơn, kinh tế\r\ngia đình phát triển, kèm với sự bùng nổ về thông tin nên các bậc phụ huynh có\r\nđiều kiện quan tâm nhiều hơn đến sức khoẻ của con cái. Đó là điều đáng mừng!\r\nTuy nhiên, đôi khi sự tư vấn của các nhân viên y tế không thống nhất, hoặc\r\nnhững lời khuyên của bác sĩ không giống như những gì phụ huynh được nghe từ\r\nngười quen làm cho các bậc cha mẹ không ít hoang mang lo lắng. Việc tìm một bác\r\nsĩ tin cậy để được tư vấn về chăm sóc sức khoẻ cho con mình, một nhu cầu tưởng\r\nchừng như rất đơn giản, nhưng đôi khi sao mà khó quá!</p>\r\n<p>Theo như&nbsp;\r\nPGS. TS. BS. Nguyễn Anh Tuấn cho biết, để trở thành một nơi tư vấn đáng\r\ntin cậy cho phụ huynh tin tưởng tìm đến một bác sĩ nhi cần có những tố chất\r\nsau: </p>\r\n<p>(1)&nbsp; Có kiến\r\nthức vững chắc và luôn cập nhật, </p>\r\n\r\n<p>(2)&nbsp; Có nhiều\r\nkinh nghiệm thực tế trong việc tư vấn bệnh nhi, nhất là kinh nghiệm ngay trên\r\nnhững đứa con thân yêu của mình, </p>\r\n\r\n<p>(3)&nbsp; Có duyên ăn nói, dễ nghe dễ hiểu </p>\r\n\r\n<p>(4)&nbsp; Tận dụng\r\ntốt ưu thế của các phương tiện truyền thông như sách báo, mạng xã hội, nói chuyện\r\ntrước đám đông.</p>\r\n<p>Và ông cũng cho rằng BS. Trần Thị Huyên Thảo\r\nnằm trong số những bác sĩ đạt được những tiêu chuẩn đó. </p>\r\n<p>“Việc cho ra đời hai quyển sách đầu tiên, là\r\n“Chào con! Ba mẹ đã sẵn sàng!” và “Bước đệm vững chắc vào đời”, các độc giả đã\r\ngiúp cho tôi thấy được rằng, việc viết và chia sẻ các kiến thức y khoa cơ bản,\r\nthường thức, là một hoạt động quan trọng, hữu ích và cực kì hiệu quả, để có thể\r\ngiúp người chăm sóc trẻ tự tin hơn, thoải mái hơn và chững chạc hơn, vui vẻ hơn\r\ntrong quá trình cùng con trưởng thành.” – BS. Trần Thị Huyên Thảo chia sẻ. </p>\r\n<p>Quyển sách này ra đời với một mong muốn trao\r\nđổi với quí phụ huynh và gia đình trẻ những thông tin y khoa khách quan và dựa\r\ntrên chứng cứ nghiên cứu y khoa cập nhật nhất trong khả năng của tác giả, để\r\ngiải đáp những lo lắng có thể là vụn vặt, có thể là quan trọng, có thể rất “vi\r\nmô”, cũng có thể là rất “vĩ mô” về mặt phòng ngừa bệnh ở cấp độ y tế cộng đồng.\r\n</p>\r\n<p>70 câu hỏi được đưa ra trong sách đều là những\r\ncâu hỏi mà tác giả gặp được và gặp khá thường xuyên, trong quá trình tương tác\r\ntrao đổi, giải thích, thăm khám bệnh nhi trong đời thực, cũng như trong quá\r\ntrình tương tác trên các mạng xã hội. Tuy nhiên, cuốn sách này không chỉ dừng\r\nlại ở việc cung cấp các kiến thức cơ bản về chăm sóc trẻ, mà còn có thể cung\r\ncấp cho các bạn một cách nhìn khác về những vấn đề đã trở nên quá quen thuộc mà\r\nchúng ta thường gặp phải trong cuộc sống hằng ngày của chúng ta và của trẻ.</p>\r\n<p>Hy vọng các bạn sẽ thấy sách hữu ích và sử\r\ndụng thông tin trong sách một cách đúng mực trong cuộc sống của mình...</p>\r\n\r\n<p>-<span>&nbsp;\r\n</span>Để\r\nchúng ta có thể chăm sóc con cháu một cách khoa học và đúng đắn. </p>\r\n\r\n<p>-<span>&nbsp;\r\n</span>Để\r\nchúng ta có thể bảo vệ và phòng tránh cho con những bệnh tật không mong muốn. </p>\r\n\r\n<p>-<span>&nbsp;\r\n</span>Để\r\nchúng ta có thể tự tin hợp tác theo dõi bệnh tình của con, cùng với các y bác\r\nsĩ. </p>\r\n\r\n<p>-<span>&nbsp;\r\n</span>Để\r\nchúng ta chuẩn bị cho con quá trình phát triển chu toàn, theo khả năng của con\r\nvà khả năng của chúng ta. </p>\r\n\r\n<p>Tất cả vì một tương lai bé khỏe, bé vui, gia\r\nđình khỏe mạnh và hạnh phúc!</p><b>Mời bạn đón đọc.</b>','...',12),(69,'Sách Quyển Bìa Mềm','catalog/books/nxb_tre/81e35451aa0f8e486773179c602e72f4.jpg',5,79000.0000,1,1,'2016-11-22 18:07:40','2017-07-18 12:48:45','Chúc Một Ngày Tốt Lành','Chúc Một Ngày Tốt Lành (Bìa Mềm)\r\n									<p>Đọc tựa cuốn sách mới nhất của nhà văn Nguyễn Nhật Ánh\r\nlà muốn mở ngay trang sách. Bạn sẽ thấy một thứ ngôn ngữ lạ của Hàn Quốc hay\r\ncủa nước nào tùy bạn đoán, Gô un un là Chào buổi sáng; Un gô gô là\r\nChúc ngủ ngon, và nữa, Chiếp un un;\r\nĂng gô gô; Chiếp chiếp gô... <br></p><p>Sau chó Bê Tô<i>,</i> rồi Hai con\r\nmèo ngồi bên cửa sổ, nhà văn viết về một cặp heo. <br></p><p>Nhân vật chính là hai con heo\r\ncon, Lọ Nồi thông minh và Đeo Nơ xinh đẹp, cùng bạn chó Mõm Ngắn con chị Vện,\r\nmẹ Nái Sề, anh Đuôi Xoăn, Cánh Cụt và bọn gà chíp nhà chị Mái Hoa,... đã làm nên\r\nmột câu chuyện vô cùng thú vị... Và thế giới trở nên thay đổi!<b> <br></b></p><p><b>Mời bạn đón đọc.</b></p>','Nguyễn Nhật Ánh, nguyễn nhật ánh, nguyen nhat anh',1);
/*!40000 ALTER TABLE `book` ENABLE KEYS */;
UNLOCK TABLES;

--
-- Table structure for table `book_image`
--

DROP TABLE IF EXISTS `book_image`;
/*!40101 SET @saved_cs_client     = @@character_set_client */;
/*!40101 SET character_set_client = utf8 */;
CREATE TABLE `book_image` (
  `book_id` int(11) NOT NULL,
  `image` varchar(255) NOT NULL DEFAULT '',
  `sort_order` int(3) NOT NULL DEFAULT '0',
  PRIMARY KEY (`book_id`,`image`),
  KEY `book_id` (`book_id`),
  KEY `fk_book_image_to_book` (`book_id`),
  CONSTRAINT `fk_book_image_to_book` FOREIGN KEY (`book_id`) REFERENCES `book` (`book_id`)
) ENGINE=InnoDB DEFAULT CHARSET=utf8;
/*!40101 SET character_set_client = @saved_cs_client */;

--
-- Dumping data for table `book_image`
--

LOCK TABLES `book_image` WRITE;
/*!40000 ALTER TABLE `book_image` DISABLE KEYS */;
INSERT INTO `book_image` VALUES (28,'catalog/books/nxb_tre/a3c34b125c3c202c4bfffed7cc65fa54.jpg',0),(30,'catalog/books/nxb_tong_hop_hcm/d9514b012abc60ce027a280b9ebd2f42.jpg',0),(31,'',0),(32,'catalog/books/nxb_tre/1f0bc1e9fa4624e21ba9d335fd109042.jpg',2),(32,'catalog/books/nxb_tre/85e0ba013a4847042aa961e53c12e849.jpg',1),(32,'catalog/books/nxb_tre/a9a82fe2ec7f1790ecfab00e220ae79f.jpg',0),(33,'catalog/books/nxb_tong_hop_hcm/a2ee3deb0ec0cafb51a72a0ae0ba2890.jpg',0),(36,'catalog/books/nxb_tre/f1fb59046da2d1bef002e1cca2be1336.jpg',0),(41,'',0),(43,'',0),(47,'catalog/books/nxb_thong_tin_va_truyen_thong/10e83c76873fc7619f318a7a95a75843.jpg',0),(48,'catalog/books/nxb_hoi_nha_van/84bc8a1d68e81b1d828bd1b9b8023b04.jpg',0),(49,'catalog/books/nxb_lao_dong/4ee58fddeb468614c4f352730ce7482e.jpg',0),(60,'catalog/books/nxb_dantri/5b871907981395c4eb77ba0c8e2189a3.jpg',0),(63,'catalog/books/nxb_tre/2ae659f544bb2ef484025d2ab4bff4d6.jpg',0),(65,'catalog/books/nxb_tre/139fcf86e7425e0ecde751c244dc70f6.jpg',3),(65,'catalog/books/nxb_tre/85a6914f3bdecffdbbffca7c2eb88fe8.jpg',0),(65,'catalog/books/nxb_tre/e1b460546b401e7fe16dbc2f67153cb2.jpg',1),(65,'catalog/books/nxb_tre/ef7a0d418461b80ed8b39de70b1529ed.jpg',2),(66,'',0),(68,'catalog/books/nxb_lao_dong/121c8f714fbd22a9a45ed6be2aaa138a.jpg',0),(69,'catalog/books/nxb_tre/bb01ea28858fa1f24f58d966af9e599b.jpg',0);
/*!40000 ALTER TABLE `book_image` ENABLE KEYS */;
UNLOCK TABLES;

--
-- Table structure for table `book_related`
--

DROP TABLE IF EXISTS `book_related`;
/*!40101 SET @saved_cs_client     = @@character_set_client */;
/*!40101 SET character_set_client = utf8 */;
CREATE TABLE `book_related` (
  `book_id` int(11) NOT NULL,
  `related_id` int(11) NOT NULL,
  PRIMARY KEY (`book_id`,`related_id`),
  CONSTRAINT `fk_book_related_to_book` FOREIGN KEY (`book_id`) REFERENCES `book` (`book_id`)
) ENGINE=InnoDB DEFAULT CHARSET=utf8;
/*!40101 SET character_set_client = @saved_cs_client */;

--
-- Dumping data for table `book_related`
--

LOCK TABLES `book_related` WRITE;
/*!40000 ALTER TABLE `book_related` DISABLE KEYS */;
INSERT INTO `book_related` VALUES (28,36),(30,33),(30,60),(33,30),(33,60),(36,28),(36,69),(40,63),(40,65),(40,69),(41,65),(41,67),(41,69),(43,65),(43,67),(43,69),(46,65),(46,69),(47,49),(48,67),(49,47),(60,30),(60,33),(63,40),(63,64),(63,65),(63,66),(63,69),(64,63),(64,68),(64,69),(65,40),(65,41),(65,43),(65,46),(65,63),(65,66),(65,69),(66,63),(66,65),(66,69),(67,41),(67,43),(67,48),(68,64),(69,36),(69,40),(69,41),(69,43),(69,46),(69,63),(69,64),(69,65),(69,66);
/*!40000 ALTER TABLE `book_related` ENABLE KEYS */;
UNLOCK TABLES;

--
-- Table structure for table `book_to_category`
--

DROP TABLE IF EXISTS `book_to_category`;
/*!40101 SET @saved_cs_client     = @@character_set_client */;
/*!40101 SET character_set_client = utf8 */;
CREATE TABLE `book_to_category` (
  `book_id` int(11) NOT NULL,
  `category_id` int(11) NOT NULL,
  PRIMARY KEY (`book_id`,`category_id`),
  KEY `fk_book_to_category_to_category` (`category_id`),
  KEY `fk_book_to_category_to_book` (`book_id`),
  CONSTRAINT `fk_book_to_category_to_book` FOREIGN KEY (`book_id`) REFERENCES `book` (`book_id`),
  CONSTRAINT `fk_book_to_category_to_category` FOREIGN KEY (`category_id`) REFERENCES `category` (`category_id`)
) ENGINE=InnoDB DEFAULT CHARSET=utf8;
/*!40101 SET character_set_client = @saved_cs_client */;

--
-- Dumping data for table `book_to_category`
--

LOCK TABLES `book_to_category` WRITE;
/*!40000 ALTER TABLE `book_to_category` DISABLE KEYS */;
INSERT INTO `book_to_category` VALUES (41,18),(28,24),(64,24),(67,24),(43,28),(31,45),(68,45),(69,45),(67,71),(28,72),(29,72),(32,72),(40,72),(46,72),(65,72),(69,72),(29,75),(36,75),(40,75),(46,75),(63,75),(65,75),(30,77),(33,77),(60,77),(47,78),(48,78),(49,78),(47,79),(49,79),(63,94),(36,95),(34,96),(48,97);
/*!40000 ALTER TABLE `book_to_category` ENABLE KEYS */;
UNLOCK TABLES;

--
-- Table structure for table `category`
--

DROP TABLE IF EXISTS `category`;
/*!40101 SET @saved_cs_client     = @@character_set_client */;
/*!40101 SET character_set_client = utf8 */;
CREATE TABLE `category` (
  `category_id` int(11) NOT NULL AUTO_INCREMENT,
  `image` varchar(255) DEFAULT NULL,
  `parent_id` int(11) NOT NULL DEFAULT '0',
  `top` tinyint(1) NOT NULL,
  `column` int(3) NOT NULL,
  `sort_order` int(3) NOT NULL DEFAULT '0',
  `status` tinyint(1) NOT NULL,
  `date_added` datetime NOT NULL,
  `date_modified` datetime NOT NULL,
  `name` varchar(255) DEFAULT NULL,
  `description` text,
  PRIMARY KEY (`category_id`),
  KEY `parent_id` (`parent_id`)
) ENGINE=InnoDB AUTO_INCREMENT=99 DEFAULT CHARSET=utf8;
/*!40101 SET character_set_client = @saved_cs_client */;

--
-- Dumping data for table `category`
--

LOCK TABLES `category` WRITE;
/*!40000 ALTER TABLE `category` DISABLE KEYS */;
INSERT INTO `category` VALUES (18,'catalog/demo/hp_2.jpg',75,1,0,4,1,'2009-01-05 21:49:15','2017-07-15 12:47:44','Du Ký','<br>'),(20,'catalog/banners/banner-1-370x240.jpg',75,1,0,3,1,'2009-01-05 21:49:43','2017-07-15 12:21:26','Khoa Học Giả Tưởng','<br>'),(24,'catalog/banners/TemplateMonster/OpenCart/53398/6c1ab453395537ac8fc9cbfb9eb7ffa8.jpg',0,1,0,6,1,'2009-01-20 02:36:26','2017-07-15 17:24:03','Sách Giáo Khoa','<br>'),(25,'catalog/books/It-peripherals.png',69,1,0,5,1,'2009-01-31 01:04:25','2017-07-10 14:09:58','Fantasy','<div class=\"post-content__excerpt\" itemprop=\"description\">\r\n                    <p>Year by year, the world is migrating from 1080p. \r\n1440p is now become the sweet spot even for mid-range graphics cards. \r\nEven consoles are making a break for the 4K horizon, courtesy of the PS4\r\n Pro and Microsoft\'s Project Scorpio.</p>\r\n<p>But if you want to purchase a 4K monitor today, it\'s not enough to do\r\n it for gaming. There has to be a bookivity benefit. So over the last\r\n few months, I\'ve been using one of LG\'s latest 4K monitors - the \r\n27UD88-W, a $900 4K monitor with an IPS panel, FreeSync and a very \r\nversatile USB-C port.                </p></div>'),(26,'',20,0,0,2,1,'2009-01-31 01:55:14','2017-07-10 14:02:47','Steampunk','<p><br></p>'),(27,'',20,0,0,0,1,'2009-01-31 01:55:34','2017-07-10 14:05:39','Phiêu Lưu','<p><br></p>'),(28,'',75,1,0,3,1,'2009-02-02 13:11:12','2017-07-15 12:48:50','Tiểu Thuyết','<p><br></p>'),(29,'',69,0,0,1,1,'2009-02-02 13:11:37','2017-07-10 14:11:14','Vampires','<p><br></p>'),(30,'',69,0,0,1,1,'2009-02-02 13:11:59','2017-07-10 14:11:47','Western','<p><br></p>'),(31,'',69,0,0,1,1,'2009-02-03 14:17:24','2017-07-10 14:10:16','Gothic','<p><br></p>'),(32,'',69,0,0,1,1,'2009-02-03 14:17:34','2017-07-10 14:10:31','Inspirational','<p><br></p>'),(45,'',76,0,0,3,1,'2010-09-24 18:29:16','2017-07-15 12:36:32','Nuôi Dạy Con','<br>'),(46,'',20,0,0,0,1,'2010-09-24 18:29:31','2017-07-10 14:08:58','Khoa Học Viễng Tưởng \'Cứng\'','<p><br></p>'),(57,'catalog/demo/category/ipad-2-black.jpg',20,1,0,1,1,'2011-04-26 08:53:16','2017-07-15 17:18:34','Du Lịch Thời Gian','<span><p style=\"\">There are countless tablets on the market, but which one is right for you? Whether you\'re eyeing an iPad, one of the many <a target=\"_blank\" href=\"http://www.pcmag.com/article2/0,2817,2483566,00.asp\">Android tablets</a> available, or a <a href=\"http://www.pcmag.com/article2/0,2817,2417564,00.asp\" target=\"_blank\">Windows slate</a>\r\n for bookivity, here are the key factors you need to consider when \r\nshopping, along with some of the top-rated models we\'ve tested.</p>\r\n\r\n<p style=\"\">We\'d like to make one \r\nnote for the fall: Apple\'s iPad lineup is starting to look a bit old. \r\nIt\'s been almost two full years since the company updated its midrange <a href=\"http://www.pcmag.com/article2/0,2817,2470708,00.asp\">iPad Air</a>\r\n series. It\'s still a fine tablet, but we\'d suggest holding off, if you \r\ncan, to see if Apple announces a late October update, if you\'re looking \r\nfor an iOS tablet that\'s not an iPad Pro.</p></span>'),(69,'catalog/categories/48efff415d8bfdccd39f7a8bca3a1a49.jpg',75,1,0,1,1,'2015-06-14 04:59:18','2017-07-15 12:21:44','Lãng Mạn','      <div class=\"_oDd\" data-hveid=\"36\"><span class=\"_Tgc\"><b>Lãng mạn</b> là một <b>thể loại</b> văn học nghệ thuật thường được viết dưới dạng văn xuôi hay thơ, phổ biến trong thời kì Trung Cổ ở châu Âu. Yếu tố \"<b>lãng mạn</b>\" ngày nay thường thấy trong các dạng tiểu thuyết, <b>truyện</b> cổ tích, <b>truyện</b> tranh hay phim ảnh.</span></div><div class=\"_oDd\" data-hveid=\"36\"><br>Đầu tiên, văn học lãng mạn được viết bằng tiếng Pháp cổ, <a href=\"https://vi.wikipedia.org/w/index.php?title=Anh-Norman&amp;action=edit&amp;redlink=1\" class=\"new\" title=\"Anh-Norman (trang chưa được viết)\">Anh-Norman</a> và <a href=\"https://vi.wikipedia.org/w/index.php?title=Occitan&amp;action=edit&amp;redlink=1\" class=\"new\" title=\"Occitan (trang chưa được viết)\">Occitan</a>, sau đó xuất hiện bằng <a href=\"https://vi.wikipedia.org/wiki/Ti%E1%BA%BFng_Anh\" title=\"Tiếng Anh\">tiếng Anh</a> và <a href=\"https://vi.wikipedia.org/wiki/Ti%E1%BA%BFng_%C4%90%E1%BB%A9c\" title=\"Tiếng Đức\">tiếng Đức</a>. Từ thế kỷ 13, thể loại này dần được viết thành <a href=\"https://vi.wikipedia.org/wiki/K%E1%BB%8Bch\" title=\"Kịch\">kịch</a>. Trong tiểu thuyết lãng mạn sau này, đặc biệt bắt nguồn từ Pháp, yếu tố lãng mạn thường nhấn mạnh vào các câu <a href=\"https://vi.wikipedia.org/wiki/Chuy%E1%BB%87n_t%C3%ACnh\" class=\"mw-redirect\" title=\"Chuyện tình\">chuyện tình</a> <a href=\"https://vi.wikipedia.org/wiki/L%E1%BB%8Bch_s%E1%BB%AD\" title=\"Lịch sử\">lịch sử</a>. Một thể loại khác song song với lãng mạn là <a href=\"https://vi.wikipedia.org/wiki/Gothic\" class=\"mw-disambig\" title=\"Gothic\">Gothic</a>, trong đó kết hợp cả yếu tố <a href=\"https://vi.wikipedia.org/wiki/K%E1%BB%B3_%E1%BA%A3o\" title=\"Kỳ ảo\">kỳ ảo</a>. \"lãng mạn\' còn để chỉ nhưng con sóng sô vào bờ nhè nhẹ rồi từ xa vào tới bờ mạn mạn nhẹ nhàng quyến luyến\"</div>'),(70,'catalog/categories/0a599583b80ee7ecddee3872addb8cfb.jpg',75,1,0,2,1,'2016-02-23 13:58:14','2017-07-15 12:22:22','Truyện Trinh Thám','<p>Tại sao bạn lại đọc <a href=\"http://phucminhbooks.com/sach-van-hoc-tie-thuyet.htm\"><span style=\"color:#0099ff;\"><strong><em>truyện trinh thám</em></strong></span></a>?\r\n Người ta có hàng tỷ lý do để xa lánh những kẻ giết người, những thứ máu\r\n me, kinh dị. Ngôn tình hay tiểu thuyết lãng mạn hẳn là dễ nuốt hơn. \r\nNhưng truyện trinh thám vẫn có những fan vô cùng trung thành, cuồng \r\nnhiệt. Trinh thám vẫn len lỏi trong đời sống từ sách in đến phim điện \r\nảnh, truyền hình chuyển thể, thu hút hàng vạn độc giả, người xem.<br>\r\n	<br>\r\n	Hẳn phải có lý do gì đó để truyện trinh thám trở nên phổ biến. Nếu bạn \r\nxa lánh chúng như bệnh dịch thì làm sao bạn có thể hiểu được vẻ đẹp của \r\nchúng? Điều xấu nhất có thể xảy ra là gì? Cùng lắm là vài đêm mất ngủ.</p>'),(71,'catalog/categories/eb46a208388f73917d7ea42e07a25215.png',75,1,0,0,1,'2016-02-23 13:58:39','2017-07-15 12:22:03','Thơ','<p><b>Thơ</b> là hình thức <a href=\"https://vi.wikipedia.org/wiki/Ngh%E1%BB%87_thu%E1%BA%ADt\" title=\"Nghệ thuật\">nghệ thuật</a> dùng từ trong <a href=\"https://vi.wikipedia.org/wiki/Ng%C3%B4n_ng%E1%BB%AF\" title=\"Ngôn ngữ\">ngôn ngữ</a> làm chất liệu, và sự chọn lọc từ cũng như tổ hợp của chúng được sắp xếp dưới hình thức <a href=\"https://vi.wikipedia.org/wiki/Logic\" title=\"Logic\">lôgíc</a> nhất định tạo nên <a href=\"https://vi.wikipedia.org/wiki/H%C3%ACnh_%E1%BA%A3nh\" title=\"Hình ảnh\">hình ảnh</a> hay gợi cảm <a href=\"https://vi.wikipedia.org/wiki/%C3%82m_nh%E1%BA%A1c\" title=\"Âm nhạc\">âm thanh</a> có tính <a href=\"https://vi.wikipedia.org/wiki/M%E1%BB%B9_thu%E1%BA%ADt\" title=\"Mỹ thuật\">thẩm mỹ</a> cho người đọc, người nghe. Từ <i>thơ</i> thường được đi kèm với từ <i>câu</i> để chỉ một <i>câu thơ</i>, hay với từ <i>bài</i> để chỉ một bài thơ. Một câu thơ là một hình thức câu cô đọng, truyền đạt một hoặc nhiều <a href=\"https://vi.wikipedia.org/wiki/H%C3%ACnh_%E1%BA%A3nh\" title=\"Hình ảnh\">hình ảnh</a>, có ý nghĩa cho người đọc, và hoàn chỉnh trong cấu trúc <a href=\"https://vi.wikipedia.org/wiki/Ng%E1%BB%AF_ph%C3%A1p\" title=\"Ngữ pháp\">ngữ pháp</a>.\r\n Một câu thơ có thể đứng nguyên một mình. Một bài thơ là tổ hợp của các \r\ncâu thơ. Tính cô đọng trong số lượng từ, tính tượng hình và dư âm thanh \r\nnhạc trong thơ biến nó thành một hình thức nghệ thuật độc đáo, tách biệt\r\n hẳn khỏi các hình thức nghệ thuật khác.</p>\r\n<p>Thơ có một lịch sử lâu dài. Định nghĩa sớm nhất ở <a href=\"https://vi.wikipedia.org/wiki/Ch%C3%A2u_%C3%82u\" title=\"Châu Âu\">châu Âu</a> về thơ có thể bắt đầu từ nhà triết học người <a href=\"https://vi.wikipedia.org/wiki/Hy_L%E1%BA%A1p\" title=\"Hy Lạp\">Hy-Lạp</a> <a href=\"https://vi.wikipedia.org/wiki/Aristoteles\" title=\"Aristoteles\">Aristotle</a> (384-322) trước Công nguyên. Ở <a href=\"https://vi.wikipedia.org/wiki/Vi%E1%BB%87t_Nam\" title=\"Việt Nam\">Việt Nam</a>, thơ có thể bắt nguồn từ tục ngữ, ca dao mà ra. Những câu có vần điệu, dễ nhớ như <i>Sấm bên đông, động bên tây</i>\r\n vốn là những kinh nghiệm được đúc kết thông qua sự từng trải, sự quan \r\nsát các hiện tượng thiên nhiên, mà đúc kết lại, truyền từ đời nọ sang \r\nđời kia, giống như một thứ mật mã trong ngôn ngữ để truyền thông tin \r\nvậy. Những đúc kết bao gồm đủ mọi mặt trong cuộc sống, sau này khi được \r\nbiến thành những câu <i>ca dao</i>, <i>câu vè</i>, chúng trở thành một hình thức văn nghệ, giải trí.</p>'),(72,'',0,1,0,1,1,'2016-02-23 13:59:01','2017-07-15 12:24:18','Trẻ Em','<p><br></p>'),(73,'',20,0,0,1,1,'2016-02-23 14:12:20','2017-07-10 14:05:55','Hậu Tận Thế','<p><br></p>'),(74,'catalog/banners/TemplateMonster/OpenCart/53398/54097190c9dd11a7b268d5376c0f9825.jpg',69,0,0,0,1,'2017-02-17 15:06:36','2017-07-10 14:10:54','Romantic Comedy','<p>We always stay in touch with the latest fashion tendencies and hi-tech achievements. </p>'),(75,'catalog/categories/9fa28815bc47c85672db49c4f01f70b5.png',0,1,0,0,1,'2017-07-15 12:20:57','2017-07-15 12:20:57','Văn Học','<p><b>Văn học</b> là loại hình <a href=\"https://vi.wikipedia.org/w/index.php?title=S%C3%A1ng_t%C3%A1c&amp;action=edit&amp;redlink=1\" class=\"new\" title=\"Sáng tác (trang chưa được viết)\">sáng tác</a>, tái hiện những vấn đề đời sống <a href=\"https://vi.wikipedia.org/wiki/X%C3%A3_h%E1%BB%99i\" title=\"Xã hội\">xã hội</a> và <a href=\"https://vi.wikipedia.org/wiki/Lo%C3%A0i_ng%C6%B0%E1%BB%9Di\" class=\"mw-redirect\" title=\"Loài người\">con người</a>. Phương thức sáng tạo của văn học được thông qua sự <a href=\"https://vi.wikipedia.org/wiki/H%C6%B0_c%E1%BA%A5u\" title=\"Hư cấu\">hư cấu</a>, cách thể hiện nội dung các đề tài được biểu hiện qua <a href=\"https://vi.wikipedia.org/wiki/Ng%C3%B4n_ng%E1%BB%AF\" title=\"Ngôn ngữ\">ngôn ngữ</a>. <a href=\"https://vi.wikipedia.org/wiki/Kh%C3%A1i_ni%E1%BB%87m\" title=\"Khái niệm\">Khái niệm</a> văn học đôi khi có nghĩa tương tự như khái niệm <a href=\"https://vi.wikipedia.org/wiki/V%C4%83n_ch%C6%B0%C6%A1ng\" title=\"Văn chương\">văn chương</a> và thường bị dùng lẫn lộn. Tuy nhiên, về mặt tổng quát, khái niệm văn học thường có nghĩa rộng hơn khái niệm văn chương, <a href=\"https://vi.wikipedia.org/wiki/V%C4%83n_ch%C6%B0%C6%A1ng\" title=\"Văn chương\">văn chương</a> thường chỉ nhấn mạnh vào tính <a href=\"https://vi.wikipedia.org/w/index.php?title=Th%E1%BA%A9m_m%C4%A9&amp;action=edit&amp;redlink=1\" class=\"new\" title=\"Thẩm mĩ (trang chưa được viết)\">thẩm mĩ</a>, sự sáng tạo của văn học về phương diện ngôn ngữ, nghệ thuật ngôn từ. <a href=\"https://vi.wikipedia.org/wiki/V%C4%83n_ch%C6%B0%C6%A1ng\" title=\"Văn chương\">Văn chương</a> dùng ngôn từ làm chất liệu để xây dựng hình tượng, phản ánh và biểu hiện đời sống.</p>\r\n<p>Văn học có các thể loại khác nhau như: <a href=\"https://vi.wikipedia.org/wiki/Ti%E1%BB%83u_thuy%E1%BA%BFt\" title=\"Tiểu thuyết\">tiểu thuyết</a>, <a href=\"https://vi.wikipedia.org/wiki/Truy%E1%BB%87n_ng%E1%BA%AFn\" title=\"Truyện ngắn\">truyện ngắn</a>, <a href=\"https://vi.wikipedia.org/wiki/Th%C6%A1\" title=\"Thơ\">thơ</a>, <a href=\"https://vi.wikipedia.org/wiki/T%E1%BB%AB_%28th%E1%BB%83_lo%E1%BA%A1i_v%C4%83n_h%E1%BB%8Dc%29\" title=\"Từ (thể loại văn học)\">từ</a>, <a href=\"https://vi.wikipedia.org/wiki/K%E1%BB%8Bch_b%E1%BA%A3n_phim\" title=\"Kịch bản phim\">kịch bản</a>, <a href=\"https://vi.wikipedia.org/w/index.php?title=L%C3%BD_lu%E1%BA%ADn_ph%C3%AA_b%C3%ACnh&amp;action=edit&amp;redlink=1\" class=\"new\" title=\"Lý luận phê bình (trang chưa được viết)\">lý luận phê bình</a>.</p>'),(76,'',0,1,0,2,1,'2017-07-15 12:24:58','2017-07-15 12:25:20','Đời Sống','<p><br></p>'),(77,'',0,1,0,3,1,'2017-07-15 12:26:02','2017-07-18 13:16:08','Phát Triển Bản Thân','<p>Sách dạy làm người, phát triển bản thân, kĩ năng và nhân cách.<br></p>'),(78,'',0,1,0,4,1,'2017-07-15 12:26:39','2017-07-15 12:26:39','Sách Chuyên Ngành','<p><br></p>'),(79,'',78,0,0,0,1,'2017-07-15 12:27:52','2017-07-15 12:27:52','Kinh Tế','<p><br></p>'),(80,'',78,0,0,1,1,'2017-07-15 12:28:15','2017-07-15 12:28:15','Chính Trị','<p><br></p>'),(81,'',78,0,0,2,1,'2017-07-15 12:28:47','2017-07-15 12:28:47','Xã Hội','<p><br></p>'),(82,'',78,0,0,3,1,'2017-07-15 12:29:08','2017-07-15 12:29:08','Ngoại Ngữ','<p><br></p>'),(83,'',78,0,0,4,1,'2017-07-15 12:29:32','2017-07-15 12:29:32','Công Ngệ Thông Tin','<p><br></p>'),(84,'',76,0,0,0,1,'2017-07-15 12:32:51','2017-07-15 12:32:51','Bí Quyết Làm Đẹp','<p><br></p>'),(85,'',76,0,0,1,1,'2017-07-15 12:33:15','2017-07-15 12:33:15','Hạnh Phúc Gia Đình','<p><br></p>'),(86,'',76,0,0,2,1,'2017-07-15 12:34:37','2017-07-15 12:36:01','Nữ Công Gia Chánh','<p><br></p>'),(87,'',76,0,0,4,1,'2017-07-15 12:37:24','2017-07-15 12:37:24','Nấu Ăn-Nội Trợ','<p><br></p>'),(88,'',76,0,0,5,1,'2017-07-15 12:37:57','2017-07-15 12:37:57','Cây Cảnh Bon Sai','<p><br></p>'),(89,'',76,0,0,6,1,'2017-07-15 12:38:25','2017-07-15 12:38:25','Vật Nuôi Trong Nhà','<p><br></p>'),(90,'',76,0,0,7,1,'2017-07-15 12:39:08','2017-07-15 12:39:08','Tâm Lý','<p><br></p>'),(91,'',76,0,0,8,1,'2017-07-15 12:39:31','2017-07-15 12:39:31','Quan Hệ Giới Tính','<p><br></p>'),(92,'',75,0,0,5,1,'2017-07-15 12:48:19','2017-07-15 12:48:19','Hồi Ký','<p><br></p>'),(93,'',75,0,0,7,1,'2017-07-15 13:00:36','2017-07-15 13:00:36','Văn Học Nước Ngoài','<p><br></p>'),(94,'',75,0,0,7,1,'2017-07-18 12:27:47','2017-07-18 12:27:47','Truyện Ngắn - Tản Văn','<p><br></p>'),(95,'',75,0,0,8,1,'2017-07-18 12:53:56','2017-07-18 12:53:56','Truyện Dài','<p><br></p>'),(96,'',78,0,0,5,1,'2017-07-19 19:51:18','2017-07-19 19:51:18','Mỹ Thuật','<p><br></p>'),(97,'',78,0,0,5,1,'2017-07-19 20:05:00','2017-07-19 20:05:00','Lịch Sử','<p><br></p>'),(98,'',78,0,0,6,1,'2017-07-19 20:05:32','2017-07-19 20:05:32','Y Học','<p><br></p>');
/*!40000 ALTER TABLE `category` ENABLE KEYS */;
UNLOCK TABLES;

--
-- Table structure for table `category_path`
--

DROP TABLE IF EXISTS `category_path`;
/*!40101 SET @saved_cs_client     = @@character_set_client */;
/*!40101 SET character_set_client = utf8 */;
CREATE TABLE `category_path` (
  `category_id` int(11) NOT NULL,
  `path_id` int(11) NOT NULL,
  `level` int(11) NOT NULL,
  PRIMARY KEY (`category_id`,`path_id`)
) ENGINE=InnoDB DEFAULT CHARSET=utf8;
/*!40101 SET character_set_client = @saved_cs_client */;

--
-- Dumping data for table `category_path`
--

LOCK TABLES `category_path` WRITE;
/*!40000 ALTER TABLE `category_path` DISABLE KEYS */;
INSERT INTO `category_path` VALUES (18,18,1),(18,75,0),(20,20,1),(20,75,0),(24,24,0),(25,25,2),(25,69,1),(25,75,0),(26,20,1),(26,26,2),(26,75,0),(27,20,1),(27,27,2),(27,75,0),(28,28,1),(28,75,0),(29,29,2),(29,69,1),(29,75,0),(30,30,2),(30,69,1),(30,75,0),(31,31,2),(31,69,1),(31,75,0),(32,32,2),(32,69,1),(32,75,0),(45,45,1),(45,76,0),(46,20,1),(46,46,2),(46,75,0),(57,20,1),(57,57,2),(57,75,0),(69,69,1),(69,75,0),(70,70,1),(70,75,0),(71,71,1),(71,75,0),(72,72,0),(73,20,1),(73,73,2),(73,75,0),(74,69,1),(74,74,2),(74,75,0),(75,75,0),(76,76,0),(77,77,0),(78,78,0),(79,78,0),(79,79,1),(80,78,0),(80,80,1),(81,78,0),(81,81,1),(82,78,0),(82,82,1),(83,78,0),(83,83,1),(84,76,0),(84,84,1),(85,76,0),(85,85,1),(86,76,0),(86,86,1),(87,76,0),(87,87,1),(88,76,0),(88,88,1),(89,76,0),(89,89,1),(90,76,0),(90,90,1),(91,76,0),(91,91,1),(92,75,0),(92,92,1),(93,75,0),(93,93,1),(94,75,0),(94,94,1),(95,75,0),(95,95,1),(96,78,0),(96,96,1),(97,78,0),(97,97,1),(98,78,0),(98,98,1);
/*!40000 ALTER TABLE `category_path` ENABLE KEYS */;
UNLOCK TABLES;

--
-- Table structure for table `customer`
--

DROP TABLE IF EXISTS `customer`;
/*!40101 SET @saved_cs_client     = @@character_set_client */;
/*!40101 SET character_set_client = utf8 */;
CREATE TABLE `customer` (
  `customer_id` int(11) NOT NULL AUTO_INCREMENT,
  `fullname` varchar(32) NOT NULL,
  `email` varchar(96) NOT NULL,
  `telephone` varchar(32) NOT NULL,
  `address` varchar(128) NOT NULL,
  `password` varchar(100) DEFAULT NULL,
  `status` tinyint(1) NOT NULL,
  `date_added` datetime NOT NULL,
  PRIMARY KEY (`customer_id`)
) ENGINE=InnoDB AUTO_INCREMENT=5 DEFAULT CHARSET=utf8;
/*!40101 SET character_set_client = @saved_cs_client */;

--
-- Dumping data for table `customer`
--

LOCK TABLES `customer` WRITE;
/*!40000 ALTER TABLE `customer` DISABLE KEYS */;
INSERT INTO `customer` VALUES (1,'Bình','binh@fpt.vn','0979999999','285 Doi Can, Ba Dinh, HaNoi','$2y$10$T.kuGeuZQRLuWraL3zclZuHl67q8InDwn4tmzFJ/Tn4lCb2OqaK5G',1,'2015-07-10 13:37:34'),(3,'Quảng','quang@bkav.com','0915686868','69 Quan Hoa Cầu Giấy Hà Nội','$2y$10$yeJkGSXTPLQoBX6QqjPlteI9qE496Qkl0z7jsQK0PJUa/pf9kOtua',1,'2016-03-02 10:55:52'),(4,'Đức','demo@project.com','0968686868','Playku Gialai2','$2y$10$P1kJFjMxDqMP0jRhkkXVPuDv8hGLEDLGxmLyaX39.QObjsl0usu9.',1,'2016-03-06 23:14:33');
/*!40000 ALTER TABLE `customer` ENABLE KEYS */;
UNLOCK TABLES;

--
-- Table structure for table `module`
--

DROP TABLE IF EXISTS `module`;
/*!40101 SET @saved_cs_client     = @@character_set_client */;
/*!40101 SET character_set_client = utf8 */;
CREATE TABLE `module` (
  `module_id` int(11) NOT NULL AUTO_INCREMENT,
  `name` varchar(64) NOT NULL,
  `code` varchar(32) NOT NULL,
  `setting` text NOT NULL,
  PRIMARY KEY (`module_id`)
) ENGINE=InnoDB AUTO_INCREMENT=36 DEFAULT CHARSET=utf8;
/*!40101 SET character_set_client = @saved_cs_client */;

--
-- Dumping data for table `module`
--

LOCK TABLES `module` WRITE;
/*!40000 ALTER TABLE `module` DISABLE KEYS */;
INSERT INTO `module` VALUES (27,'Slideshow - Trang chủ','slideshow','a:5:{s:4:\"name\";s:23:\"Slideshow - Trang chủ\";s:9:\"banner_id\";s:1:\"7\";s:5:\"width\";s:4:\"1140\";s:6:\"height\";s:3:\"380\";s:6:\"status\";s:1:\"1\";}'),(28,'Sách Nổi Bật','featured','a:6:{s:4:\"name\";s:17:\"Sách Nổi Bật\";s:4:\"book\";a:4:{i:0;s:2:\"43\";i:1;s:2:\"28\";i:2;s:2:\"41\";i:3;s:2:\"32\";}s:5:\"limit\";s:1:\"4\";s:5:\"width\";s:3:\"200\";s:6:\"height\";s:3:\"200\";s:6:\"status\";s:1:\"0\";}'),(29,'Carousel - Trang Chủ','carousel','a:5:{s:4:\"name\";s:22:\"Carousel - Trang Chủ\";s:9:\"banner_id\";s:1:\"8\";s:5:\"width\";s:3:\"130\";s:6:\"height\";s:3:\"100\";s:6:\"status\";s:1:\"1\";}'),(30,'Banner Bất Kì','banner','a:5:{s:4:\"name\";s:16:\"Banner Bất Kì\";s:9:\"banner_id\";s:2:\"20\";s:5:\"width\";s:3:\"370\";s:6:\"height\";s:3:\"240\";s:6:\"status\";s:1:\"1\";}'),(31,'Sách Bán Chạy','best_seller','a:6:{s:4:\"name\";s:17:\"Sách Bán Chạy\";s:4:\"book\";a:2:{i:0;s:2:\"67\";i:1;s:2:\"28\";}s:5:\"limit\";s:1:\"5\";s:5:\"width\";s:3:\"200\";s:6:\"height\";s:3:\"200\";s:6:\"status\";s:1:\"0\";}'),(32,'Sách Đặc Biệt','specials','a:6:{s:4:\"name\";s:19:\"Sách Đặc Biệt\";s:4:\"book\";a:3:{i:0;s:2:\"67\";i:1;s:2:\"43\";i:2;s:2:\"28\";}s:5:\"limit\";s:1:\"3\";s:5:\"width\";s:3:\"200\";s:6:\"height\";s:3:\"200\";s:6:\"status\";s:1:\"0\";}'),(33,'Banner sách bất kì','banner_books','a:6:{s:4:\"name\";s:22:\"Banner sách bất kì\";s:4:\"book\";a:3:{i:0;s:2:\"67\";i:1;s:2:\"43\";i:2;s:2:\"28\";}s:5:\"limit\";s:1:\"5\";s:5:\"width\";s:3:\"200\";s:6:\"height\";s:3:\"200\";s:6:\"status\";s:1:\"0\";}'),(34,'Sách Mới','latest','a:6:{s:4:\"name\";s:11:\"Sách Mới\";s:4:\"book\";a:2:{i:0;s:2:\"67\";i:1;s:2:\"32\";}s:5:\"limit\";s:1:\"5\";s:5:\"width\";s:3:\"200\";s:6:\"height\";s:3:\"200\";s:6:\"status\";s:1:\"0\";}'),(35,'Loại Sách Nổi Bật','banner_categories','a:6:{s:4:\"name\";s:24:\"Loại Sách Nổi Bật\";s:8:\"category\";a:3:{i:0;s:2:\"69\";i:1;s:2:\"71\";i:2;s:2:\"70\";}s:5:\"limit\";s:1:\"3\";s:5:\"width\";s:3:\"370\";s:6:\"height\";s:3:\"240\";s:6:\"status\";s:1:\"1\";}');
/*!40000 ALTER TABLE `module` ENABLE KEYS */;
UNLOCK TABLES;

--
-- Table structure for table `order`
--

DROP TABLE IF EXISTS `order`;
/*!40101 SET @saved_cs_client     = @@character_set_client */;
/*!40101 SET character_set_client = utf8 */;
CREATE TABLE `order` (
  `order_id` int(11) NOT NULL AUTO_INCREMENT,
  `customer_id` int(11) NOT NULL DEFAULT '0',
  `email` varchar(96) NOT NULL,
  `telephone` varchar(32) NOT NULL,
  `fullname` varchar(32) NOT NULL,
  `address` varchar(255) DEFAULT NULL,
  `comment` text NOT NULL,
  `total` decimal(15,4) NOT NULL DEFAULT '0.0000',
  `date_added` datetime NOT NULL,
  PRIMARY KEY (`order_id`)
) ENGINE=InnoDB AUTO_INCREMENT=43 DEFAULT CHARSET=utf8;
/*!40101 SET character_set_client = @saved_cs_client */;

--
-- Dumping data for table `order`
--

LOCK TABLES `order` WRITE;
/*!40000 ALTER TABLE `order` DISABLE KEYS */;
INSERT INTO `order` VALUES (23,4,'phuonghuuvu@gmail.com','043668866','Đức','285 Doi Can','',601.0000,'2015-05-11 22:52:08'),(25,4,'phuong2@gmail.com','0968222222','Đức','Ngõ 285 Đội Cấn 1','',12020000.0000,'2015-06-16 04:16:17'),(26,4,'phuong3@gmail.com','0968333333','Đức','hà nội 3','',4020000.0000,'2015-06-16 04:24:58'),(27,4,'phuong4@gmail.com','0968444444','Đức','Ngõ 285 Đội Cấn 4','',16020000.0000,'2015-06-16 09:36:03'),(28,4,'phuong5@gmail.com','0968555555','Đức','Palo Alto CA 5','Some comment 5, Some comment 5, Some comment 5, Some comment 5\r\nSome comment 5, Some comment 5, Some comment 5, Some comment 5\r\nSome comment 5, Some comment 5, Some comment 5, Some comment 5',16020000.0000,'2015-06-17 08:14:16'),(29,4,'phuong6@gmail.com','0968 666 666','Đức','Palo Alto CA 6','Some comment on order 6, Some comment on order 6, Some comment on order 6\r\nSome comment on order 6, Some comment on order 6, Some comment on order 6\r\nSome comment on order 6, Some comment on order 6, Some comment on order 6',12020000.0000,'2015-06-17 09:17:52'),(30,4,'phuong7@gmail.com','0968777777','Đức','Address 7','Some comment on orrder 7 Some comment on orrder 7 Some comment on orrder 7\r\nSome comment on orrder 7 Some comment on orrder 7 Some comment on orrder 7\r\nSome comment on orrder 7 Some comment on orrder 7 Some comment on orrder 7',14020000.0000,'2015-07-01 05:44:03'),(31,4,'phuong8@gmail.com','0968888888','Đức','285 Doi Can Hanoi','I like these books',6020000.0000,'2015-07-09 09:09:08'),(32,4,'phuong9@gmail.com','0968999999','Đức','285 Doi Can 9','Fuck it offf',14020000.0000,'2015-07-09 09:10:55'),(33,4,'phuong10@gmail.com','0968101010','Đức','258 Doi Can 10','',4020000.0000,'2015-07-09 09:14:08'),(34,4,'phuong10@gmail.com','0968101010','Đức','258 Doi Can 10','',4020000.0000,'2015-07-09 09:15:17'),(35,4,'phuong12@gmail.com','0968111111','Đức','285 Doi Can','Don hang nay mang so bao danh 11',34020000.0000,'2015-07-09 13:33:00'),(36,4,'phuong13@gmail.com','09681313133','Đức','285 Doi Can 13','Fuck offf 13',4020000.0000,'2015-07-09 13:41:13'),(37,1,'phuong@gmail.com','0968802828','Phuong','285 Doi Can, Ba Dinh, HaNoi','',12020000.0000,'2015-07-11 10:02:33'),(38,1,'phuong@gmail.com','0968802828','Phuong','285 Doi Can, Ba Dinh, HaNoi','',16020000.0000,'2015-07-11 10:02:56'),(39,1,'phuong@gmail.com','0968802828','Phuong','285 Doi Can, Ba Dinh, HaNoi','Some test comment from Phuong',6020000.0000,'2015-07-11 11:06:09'),(40,4,'demo@project.com','0968686868','Đức','Playku Gialai2','Đây là những sản phẩm công nghệ đắt tiền tôi yêu thích, quý công ty vui lòng vận chuyển cẩn thận và phải trực tiếp đến tay tôi.',82720000.0000,'2016-12-30 09:29:24'),(41,0,'tham@gmail.com','09688028282','Thám','285 Đội Cấn','Đây chỉ là một màn test',13360000.0000,'2017-04-03 15:57:06'),(42,4,'demo@project.com','0968686868','Đức','Playku Gialai2','Hello 20170405',10100000.0000,'2017-04-05 09:41:29');
/*!40000 ALTER TABLE `order` ENABLE KEYS */;
UNLOCK TABLES;

--
-- Table structure for table `order_details`
--

DROP TABLE IF EXISTS `order_details`;
/*!40101 SET @saved_cs_client     = @@character_set_client */;
/*!40101 SET character_set_client = utf8 */;
CREATE TABLE `order_details` (
  `order_id` int(11) NOT NULL,
  `book_id` int(11) NOT NULL,
  `name` varchar(255) NOT NULL,
  `model` varchar(64) NOT NULL,
  `quantity` int(4) NOT NULL,
  `price` decimal(15,4) NOT NULL DEFAULT '0.0000',
  `total` decimal(15,4) NOT NULL DEFAULT '0.0000',
  PRIMARY KEY (`order_id`,`book_id`),
  KEY `fk_order_details_to_order` (`order_id`),
  KEY `fk_order_details_to_book` (`book_id`),
  CONSTRAINT `fk_order_details_to_book` FOREIGN KEY (`book_id`) REFERENCES `book` (`book_id`),
  CONSTRAINT `fk_order_details_to_order` FOREIGN KEY (`order_id`) REFERENCES `order` (`order_id`)
) ENGINE=InnoDB DEFAULT CHARSET=utf8;
/*!40101 SET character_set_client = @saved_cs_client */;

--
-- Dumping data for table `order_details`
--

LOCK TABLES `order_details` WRITE;
/*!40000 ALTER TABLE `order_details` DISABLE KEYS */;
INSERT INTO `order_details` VALUES (23,40,'iPhone','book 11',1,101.0000,101.0000),(23,43,'MacBook','book 16',1,500.0000,500.0000),(25,40,'iPhone','book 11',1,2020000.0000,2020000.0000),(25,43,'MacBook','book 16',1,10000000.0000,10000000.0000),(26,30,'Canon EOS 5D','book 3',1,2000000.0000,2000000.0000),(26,40,'iPhone','book 11',1,2020000.0000,2020000.0000),(27,30,'Canon EOS 5D','book 3',1,2000000.0000,2000000.0000),(27,40,'iPhone','book 11',1,2020000.0000,2020000.0000),(27,41,'iMac','book 14',1,2000000.0000,2000000.0000),(27,43,'MacBook','book 16',1,10000000.0000,10000000.0000),(28,30,'Canon EOS 5D','book 3',1,2000000.0000,2000000.0000),(28,40,'iPhone','book 11',1,2020000.0000,2020000.0000),(28,41,'iMac','book 14',1,2000000.0000,2000000.0000),(28,43,'MacBook','book 16',1,10000000.0000,10000000.0000),(29,40,'iPhone','book 11',1,2020000.0000,2020000.0000),(29,43,'MacBook','book 16',1,10000000.0000,10000000.0000),(30,30,'Canon EOS 5D','book 3',1,2000000.0000,2000000.0000),(30,40,'iPhone','book 11',1,2020000.0000,2020000.0000),(30,43,'MacBook','book 16',1,10000000.0000,10000000.0000),(31,30,'Canon EOS 5D','book 3',1,2000000.0000,2000000.0000),(31,40,'iPhone','book 11',1,2020000.0000,2020000.0000),(31,41,'iMac','book 14',1,2000000.0000,2000000.0000),(32,30,'Canon EOS 5D','book 3',1,2000000.0000,2000000.0000),(32,40,'iPhone','book 11',1,2020000.0000,2020000.0000),(32,43,'MacBook','book 16',1,10000000.0000,10000000.0000),(34,30,'Canon EOS 5D','book 3',1,2000000.0000,2000000.0000),(34,40,'iPhone','book 11',1,2020000.0000,2020000.0000),(35,30,'Canon EOS 5D','book 3',1,2000000.0000,2000000.0000),(35,40,'iPhone','book 11',1,2020000.0000,2020000.0000),(35,43,'MacBook','book 16',3,10000000.0000,30000000.0000),(36,30,'Canon EOS 5D','book 3',1,2000000.0000,2000000.0000),(36,40,'iPhone','book 11',1,2020000.0000,2020000.0000),(37,40,'iPhone','book 11',1,2020000.0000,2020000.0000),(37,43,'MacBook','book 16',1,10000000.0000,10000000.0000),(38,30,'Canon EOS 5D','book 3',1,2000000.0000,2000000.0000),(38,40,'iPhone','book 11',1,2020000.0000,2020000.0000),(38,41,'iMac','book 14',1,2000000.0000,2000000.0000),(38,43,'MacBook','book 16',1,10000000.0000,10000000.0000),(39,30,'Canon EOS 5D','book 3',1,2000000.0000,2000000.0000),(39,40,'iPhone','book 11',1,2020000.0000,2020000.0000),(39,41,'iMac','book 14',1,2000000.0000,2000000.0000),(40,30,'Pixel C','book 3',2,11340000.0000,22680000.0000),(40,40,'iPhone 3gs','3GS',2,2020000.0000,4040000.0000),(40,41,'iMac','iMac MK142ZP/A',1,26000000.0000,26000000.0000),(40,43,'MacBook','Mac Old',3,10000000.0000,30000000.0000),(41,30,'Pixel C','book 3',1,11340000.0000,11340000.0000),(41,40,'iPhone 3gs','3GS',1,2020000.0000,2020000.0000),(42,40,'iPhone 3gs','3GS',5,2020000.0000,10100000.0000);
/*!40000 ALTER TABLE `order_details` ENABLE KEYS */;
UNLOCK TABLES;

--
-- Table structure for table `publisher`
--

DROP TABLE IF EXISTS `publisher`;
/*!40101 SET @saved_cs_client     = @@character_set_client */;
/*!40101 SET character_set_client = utf8 */;
CREATE TABLE `publisher` (
  `publisher_id` int(11) NOT NULL AUTO_INCREMENT,
  `name` varchar(64) NOT NULL,
  `image` varchar(255) DEFAULT NULL,
  `sort_order` int(3) NOT NULL,
  PRIMARY KEY (`publisher_id`)
) ENGINE=InnoDB AUTO_INCREMENT=39 DEFAULT CHARSET=utf8;
/*!40101 SET character_set_client = @saved_cs_client */;

--
-- Dumping data for table `publisher`
--

LOCK TABLES `publisher` WRITE;
/*!40000 ALTER TABLE `publisher` DISABLE KEYS */;
INSERT INTO `publisher` VALUES (5,'Nhà Xuất Bản Trẻ','catalog/publishers/fd4ed11d797416515491673291e4d82b.jpg',29),(6,'Nhà Xuất Bản Oxford University Press','catalog/publishers/86863f9a5f50053844125a85b3c42dad.jpg',32),(7,'Nhà Xuất Bản Hồng Đức','catalog/publishers/644a72b0c1ecbdbebdc25644d956bdb4.jpeg',13),(8,'Nhà Xuất Bản ĐHQG TP.Hồ Chí Minh','catalog/publishers/58d23c12e3543c419ac2d059686bc6b6.png',2),(9,'Nhà Xuất Bản Hội Nhà Văn','catalog/publishers/2acafd1a53a50be736955b1497df6b4e.jpg',6),(10,'Nhà Xuất Bản Khoa Học Xã Hội','catalog/publishers/cfef10ce05e00854bce4a6a3c95d749a.png',19),(11,'Nhà Xuất Bản Lao Động Xã Hội','catalog/publishers/ad65fdd69fbbb8d6dbf82492e91ac549.jpg',18),(12,'Nhà Xuất Bản Âm Nhạc','catalog/publishers/3888137c88874b9f547addd90d4c515c.jpg',26),(13,'Nhà Xuất Bản Mỹ Thuật','catalog/publishers/465750627c5cad8bc10a45cb886019b8.gif',17),(14,'Nhà Xuất Bản Đại Học Quốc Gia Hà Nội','catalog/publishers/b45ec31e34a4bfe7549b045c44bf0845.jpg',3),(15,'Nhà Xuất Bản Giáo Dục','catalog/publishers/4100ff1d11faa1995e6b50fc5cc89820.jpg',0),(16,'Nhà Xuất Bản Chính Trị Quốc Gia - Sự Thật','catalog/publishers/8a3fb4fe8898ce2354d21c0b12d8fa35.png',4),(17,'Nhà Xuất Bản Tư Pháp','catalog/publishers/1e3c6bf141652cefbd5a4e0e94913edc.gif',8),(18,'Nhà Xuất Bản Phụ Nữ','catalog/publishers/07a882a1e3ff5b741479d47a056428dc.jpg',16),(19,'Nhà Xuất Bản Thanh Niên','catalog/publishers/2e030b30561ccbbe355aefd3323bca90.jpg',15),(20,'Nhà Xuất Bản Thế Giới','catalog/publishers/9798212352d8fbbb5b6a2552fb342d5f.png',25),(21,'Nhà Xuất Bản Mc Graw Hill','catalog/publishers/4c8a827cac93da3a2cb0a54ba3efb697.jpg',30),(22,'Nhà Xuất Bản Công An Nhân Dân','catalog/publishers/eba63fb36a9655dcfc0b560bc5ce1cef.jpg',14),(23,'Nhà Xuất Bản Kim Đồng','catalog/publishers/c88cdf13449b8da1de006abf5f38656f.png',1),(24,'Nhà Xuất Bản Quân Đội','catalog/publishers/bd46fed6fe638cef7834fc6e1ce50556.jpg',11),(25,'Nhà Xuất Bản Thời Đại','catalog/publishers/5ec575a9c0557e89b1da38af6b7a8821.png',28),(26,'Nhà Xuất Bản Văn Học','catalog/publishers/d5a80ba437db4b3dd61f2619fee21c5d.jpg',27),(27,'Nhà Xuất Bản MACMILLAN','catalog/publishers/eed896653c7f83bb951dbc3fc8a7c0b9.jpg',31),(28,'Nhà Xuất Bản Tri Thức','catalog/publishers/2d5488ec4763dd6b4bbf34d4b2a0fd89.jpg',24),(29,'Nhà Xuất Bản Từ Điển Bách Khoa','catalog/publishers/e65e0b8e6ed310c250a004d0b01ff361.jpg',23),(30,'Nhà Xuất Bản Xây Dựng','catalog/publishers/488c56f21909e0c26c4ef76f7f41c61c.jpg',22),(31,'Nhà Xuất Bản Thông Tin Và Truyền Thông','catalog/publishers/9aa017b64fb537d524a4fd5918efa3c2.jpg',7),(32,'Nhà Xuất Bản Giao Thông Vận Tải','catalog/publishers/1a88d1071e75635f701c9d577295152c.gif',9),(33,'Nhà Xuất Bản Lao Động','catalog/publishers/ff751fb361b967caad5098c1ea7a812b.jpg',5),(34,'Nhà Xuất Bản Y Học','catalog/publishers/32df2b5251fd0e21e300d9cea2d6fd8b.jpg',21),(35,'Nhà Xuất Bản Văn Hóa Văn Nghệ','catalog/publishers/bc89477912e141103bae1cd829765e5d.jpg',12),(36,'Nhà Xuất Bản Thống Kê','catalog/publishers/a3d7d71c256b191d837838d10b66dd2e.jpg',20),(37,'Nhà Xuất Bản Tổng Hợp TP HCM','catalog/publishers/29331bd643932f8365c1c4bd488fc1f4.jpg',10),(38,'Nhà Xuất Bản Dân Trí','catalog/publishers/43ae84d51381b12cce2d83f3993b3610.jpg',0);
/*!40000 ALTER TABLE `publisher` ENABLE KEYS */;
UNLOCK TABLES;

--
-- Table structure for table `setting`
--

DROP TABLE IF EXISTS `setting`;
/*!40101 SET @saved_cs_client     = @@character_set_client */;
/*!40101 SET character_set_client = utf8 */;
CREATE TABLE `setting` (
  `setting_id` int(11) NOT NULL AUTO_INCREMENT,
  `key` varchar(64) NOT NULL,
  `value` text NOT NULL,
  PRIMARY KEY (`setting_id`)
) ENGINE=InnoDB AUTO_INCREMENT=282 DEFAULT CHARSET=utf8;
/*!40101 SET character_set_client = @saved_cs_client */;

--
-- Dumping data for table `setting`
--

LOCK TABLES `setting` WRITE;
/*!40000 ALTER TABLE `setting` DISABLE KEYS */;
INSERT INTO `setting` VALUES (171,'config_name','iShop'),(172,'config_owner','Steve Jobs'),(173,'config_address','285 phố Đội Cấn - quận Ba Đình. t.p Hà Nội. Việt Nam.'),(176,'config_telephone','043686868'),(178,'config_image','catalog/logos/Apple_logo.png'),(179,'config_open','08h:00'),(180,'config_comment','Cửa hành chỉ nhận thanh toán tiền mặt.'),(194,'config_book_count','1'),(195,'config_book_limit','15'),(196,'config_book_description_length','100'),(197,'config_limit_admin','20'),(220,'config_order_mail','0'),(231,'config_logo','catalog/logos/35476cd25eac6ad1f0bf28dc950eb72c.png'),(232,'config_icon','catalog/icons/1197edd79365985dc267fdb56c6b7687.png'),(233,'config_image_category_width','80'),(234,'config_image_category_height','80'),(235,'config_image_thumb_width','228'),(236,'config_image_thumb_height','228'),(237,'config_image_popup_width','500'),(238,'config_image_popup_height','500'),(239,'config_image_book_width','228'),(240,'config_image_book_height','228'),(241,'config_image_additional_width','74'),(242,'config_image_additional_height','74'),(243,'config_image_related_width','80'),(244,'config_image_related_height','80'),(245,'config_image_compare_width','90'),(246,'config_image_compare_height','90'),(247,'config_image_wishlist_width','47'),(248,'config_image_wishlist_height','47'),(249,'config_image_cart_width','47'),(250,'config_image_cart_height','47'),(251,'config_image_location_width','268'),(252,'config_image_location_height','50'),(269,'config_file_max_size','300000'),(270,'config_file_ext_allowed','txt\r\npng\r\njpe\r\njpeg\r\njpg\r\ngif\r\nbmp\r\nico\r\ntiff\r\ntif\r\nsvg\r\nsvgz\r\nzip\r\nrar\r\nmsi\r\ncab\r\nmp3\r\nqt\r\nmov\r\npdf\r\npsd\r\nai\r\neps\r\nps\r\ndoc\r\nrtf\r\nxls\r\nppt\r\nodt\r\nods'),(271,'config_file_mime_allowed','text/plain\r\nimage/png\r\nimage/jpeg\r\nimage/gif\r\nimage/bmp\r\nimage/vnd.microsoft.icon\r\nimage/tiff\r\nimage/svg+xml\r\napplication/zip\r\napplication/x-rar-compressed\r\napplication/x-msdownload\r\napplication/vnd.ms-cab-compressed\r\naudio/mpeg\r\nvideo/quicktime\r\napplication/pdf\r\nimage/vnd.adobe.photoshop\r\napplication/postscript\r\napplication/msword\r\napplication/rtf\r\napplication/vnd.ms-excel\r\napplication/vnd.ms-powerpoint\r\napplication/vnd.oasis.opendocument.text\r\napplication/vnd.oasis.opendocument.spreadsheet'),(272,'config_maintenance','0'),(273,'config_password','1'),(275,'config_compression','0'),(276,'config_error_display','1'),(277,'config_error_log','1'),(278,'config_error_filename','error.log'),(280,'config_email','leminhhoa@project.com'),(281,'config_url','http://localhost:82/web-book');
/*!40000 ALTER TABLE `setting` ENABLE KEYS */;
UNLOCK TABLES;

--
-- Table structure for table `user`
--

DROP TABLE IF EXISTS `user`;
/*!40101 SET @saved_cs_client     = @@character_set_client */;
/*!40101 SET character_set_client = utf8 */;
CREATE TABLE `user` (
  `user_id` int(11) NOT NULL AUTO_INCREMENT,
  `user_group_id` int(11) NOT NULL,
  `username` varchar(20) NOT NULL,
  `password` varchar(100) NOT NULL,
  `fullname` varchar(32) NOT NULL,
  `email` varchar(96) NOT NULL,
  `image` varchar(255) NOT NULL,
  `code` varchar(40) NOT NULL,
  `status` tinyint(1) NOT NULL,
  `date_added` datetime NOT NULL,
  `due_date` datetime NOT NULL DEFAULT '2099-01-01 23:00:00',
  PRIMARY KEY (`user_id`),
  KEY `fk_user_to_user_group` (`user_group_id`)
) ENGINE=InnoDB AUTO_INCREMENT=6 DEFAULT CHARSET=utf8;
/*!40101 SET character_set_client = @saved_cs_client */;

--
-- Dumping data for table `user`
--

LOCK TABLES `user` WRITE;
/*!40000 ALTER TABLE `user` DISABLE KEYS */;
INSERT INTO `user` VALUES (1,1,'admin','$2y$10$X3ZfKqgugwO2TyIxOOvnxOXP9pq2weDBN9EOROhv69ZBf5bn4WUSG','Steve','stevejobs@apple.com','catalog/profiles/Steve-Jobs-Profile.jpg','',1,'2015-01-29 08:07:20','2099-01-01 23:00:00'),(4,1,'billgate','$2y$10$ZLipDnO6LmBXDjAbV.PuBulf30fYTOpP4FW4fT3F949z52WmbGPJi','Bill','billgates@gmail.com','catalog/profiles/billgates.jpg','',1,'2015-04-03 17:32:02','2099-01-01 23:00:00'),(5,10,'mark','$2a$10$Onh3/KpeCpd5a.SuC18/geyLew.VHS73AFWq9mCcK4dW3.S45KbhS','Mark','zuck@facebook.com','catalog/profiles/mark-zuckerberg.jpg','',1,'2015-04-06 18:25:04','2099-01-01 23:00:00');
/*!40000 ALTER TABLE `user` ENABLE KEYS */;
UNLOCK TABLES;
/*!40103 SET TIME_ZONE=@OLD_TIME_ZONE */;

/*!40101 SET SQL_MODE=@OLD_SQL_MODE */;
/*!40014 SET FOREIGN_KEY_CHECKS=@OLD_FOREIGN_KEY_CHECKS */;
/*!40014 SET UNIQUE_CHECKS=@OLD_UNIQUE_CHECKS */;
/*!40101 SET CHARACTER_SET_CLIENT=@OLD_CHARACTER_SET_CLIENT */;
/*!40101 SET CHARACTER_SET_RESULTS=@OLD_CHARACTER_SET_RESULTS */;
/*!40101 SET COLLATION_CONNECTION=@OLD_COLLATION_CONNECTION */;
/*!40111 SET SQL_NOTES=@OLD_SQL_NOTES */;

-- Dump completed on 2017-07-27 12:54:54
